SMILES	Label	File	Index	NumAtoms	MW	logP	HBD	HBA	TPSA	RB	Rings	HeavyAtoms
C=CCn1c2c(ccc1=O)CC(N)CC2	Chemistry 361	3.6 WuXi OTS Library_Solid Stock_4518cpds_covalent_260119.sdf	2262	15	204.27	0.85	1	3	48.02	2	2	15
NCC(C(=O)N1CCC2(CCCN(C(=O)c3ccc(C#Cc4ccccc4)cc3)C2)C1)c1ccccc1	Chemistry 2545	3.6 WuXi OTS Library_Solid Stock_4518cpds_covalent_260119.sdf	3647	37	491.64	4.28	1	3	66.64	4	5	37
Cc1cncc(CN2CCC3(CC2)CC(N)C3)n1	WX101043_X12	WuXi OTS Library_Solid Stock_135989cpds_260119.sdf	110	18	246.36	1.49	1	4	55.04	2	3	18
NC1CCc2onc(CN3CC[C@@H](O)C3)c2C1	WX141617_AN0158ZZ0000	WuXi OTS Library_Solid Stock_135989cpds_260119.sdf	403	17	237.30	0.06	2	5	75.52	2	3	17
Cc1ccc2ncc(CN3CCC4(CC3)CC(N)C4)n2c1	WX101043_X14	WuXi OTS Library_Solid Stock_135989cpds_260119.sdf	465	21	284.41	2.35	1	4	46.56	2	4	21
NCC1Cn2nnc(-c3cccc(F)c3)c2CO1	WX190026_Y31	WuXi OTS Library_Solid Stock_135989cpds_260119.sdf	1231	18	248.26	0.94	1	5	65.96	2	3	18
NCC1Cn2nnc(-c3ccccc3)c2CO1	WX190026_Y36	WuXi OTS Library_Solid Stock_135989cpds_260119.sdf	1242	17	230.27	0.80	1	5	65.96	2	3	17
CN(C)C(=O)CN1C(=O)CCC12CCC(N)CC2	WX100106_Y08	WuXi OTS Library_Solid Stock_135989cpds_260119.sdf	1271	18	253.35	0.34	1	3	66.64	2	2	18
NC1CCc2c(ccc(=O)n2CCN2CCCC2=O)C1	WX140263_Y13	WuXi OTS Library_Solid Stock_135989cpds_260119.sdf	1328	20	275.35	0.29	1	4	68.33	3	3	20
COCCn1c2c(ccc1=O)CC(N)CC2	WX140263_Y06	WuXi OTS Library_Solid Stock_135989cpds_260119.sdf	1394	16	222.29	0.31	1	4	57.25	3	2	16
N[C@]12CC1CN(C(=O)c1ccco1)C2	WX110036_Y15	WuXi OTS Library_Solid Stock_135989cpds_260119.sdf	1502	14	192.22	0.45	1	3	59.47	1	3	14
N=C(N)c1ccc(N2CCOCC2)cc1	WX690072	WuXi OTS Library_Solid Stock_135989cpds_260119.sdf	1777	15	205.26	0.81	2	3	62.34	2	2	15
CC(C)(C)OC(=O)N1C[C@@H]2[C@H](CN)CO[C@@H]2C1	WX110661	WuXi OTS Library_Solid Stock_135989cpds_260119.sdf	2554	17	242.32	0.83	1	4	64.79	1	2	17
CC(C)(C)OC(=O)N1CCCn2c(CN)nnc2C1	WX140089	WuXi OTS Library_Solid Stock_135989cpds_260119.sdf	2632	19	267.33	0.88	1	6	86.27	1	2	19
CC(C)(C)OC(=O)N1C[C@H]2CC[C@H](CN)[C@H]2C1	WX110044	WuXi OTS Library_Solid Stock_135989cpds_260119.sdf	2747	17	240.35	1.84	1	3	55.56	1	2	17
CC(C)(C)OC(=O)N1C[C@H]2C[C@H](CN)O[C@H]2C1	WX110546	WuXi OTS Library_Solid Stock_135989cpds_260119.sdf	3238	17	242.32	0.97	1	4	64.79	1	2	17
CC(C)(C)OC(=O)N1C[C@@H](N)[C@H](O)C1	WX604220	WuXi OTS Library_Solid Stock_135989cpds_260119.sdf	3774	14	202.25	-0.07	2	4	75.79	0	1	14
CC(C)(C)OC(=O)N1CCCC1/C(N)=N\O	WX684418	WuXi OTS Library_Solid Stock_135989cpds_260119.sdf	3775	16	229.28	1.13	2	4	88.15	1	1	16
CS(=O)(=O)NCc1noc2c1CC(N)CC2	WX141618_HU0024ZZ0000	WuXi OTS Library_Solid Stock_135989cpds_260119.sdf	5094	16	245.30	-0.46	2	5	98.22	3	2	16
NC1CCc2onc(C(=O)N3CCCC3)c2C1	WX141616_AN0008ZZ0000	WuXi OTS Library_Solid Stock_135989cpds_260119.sdf	7922	17	235.29	0.73	1	4	72.36	1	3	17
CC(C)(C)OC(=O)N1CC[C@]2(C1)C[C@@H](N)C2	WX101513	WuXi OTS Library_Solid Stock_135989cpds_260119.sdf	10057	16	226.32	1.73	1	3	55.56	0	2	16
NC12CCN(C(=O)OCc3ccccc3)C1CC(=O)N2	WX111709	WuXi OTS Library_Solid Stock_135989cpds_260119.sdf	10128	20	275.31	0.57	2	4	84.66	2	3	20
CC(C)(C)OC(=O)N1CC[C@@H](O)[C@H](N)C1	WX601147	WuXi OTS Library_Solid Stock_135989cpds_260119.sdf	10171	15	216.28	0.32	2	4	75.79	0	1	15
NC[C@@H]1[C@H]2CN(c3ccncn3)C[C@@H]12	WX110030_A175	WuXi OTS Library_Solid Stock_135989cpds_260119.sdf	10238	14	190.25	0.12	1	4	55.04	2	3	14
CCOC(=O)CC1(N)CCN(C(=O)OC(C)(C)C)C1	WX665219	WuXi OTS Library_Solid Stock_135989cpds_260119.sdf	10374	19	272.34	1.28	1	5	81.86	3	1	19
CC(C)(C)OC(=O)N1CCC(/C(N)=N/O)CC1	WX690178	WuXi OTS Library_Solid Stock_135989cpds_260119.sdf	10375	17	243.31	1.38	2	4	88.15	1	1	17
CC(C)(C)OC(=O)N1CCC(F)(CN)CC1	WXFS0318	WuXi OTS Library_Solid Stock_135989cpds_260119.sdf	10377	16	232.30	1.68	1	3	55.56	1	1	16
CC(C)(C)OC(=O)N1C[C@H](N)[C@H]2OCC[C@H]21	WX111702	WuXi OTS Library_Solid Stock_135989cpds_260119.sdf	10438	16	228.29	0.72	1	4	64.79	0	2	16
CC(C)(C)OC(=O)N1CCC(CN)(C(F)(F)F)C1	WX601534	WuXi OTS Library_Solid Stock_135989cpds_260119.sdf	10556	18	268.28	2.13	1	3	55.56	1	1	18
CC(C)(C)OC(=O)N1C[C@H]2CC[C@@H](N)[C@H]2C1	WX110042	WuXi OTS Library_Solid Stock_135989cpds_260119.sdf	10627	16	226.32	1.59	1	3	55.56	0	2	16
CC1(CN)CN(C(=O)OC(C)(C)C)C1	WX601293	WuXi OTS Library_Solid Stock_135989cpds_260119.sdf	10943	14	200.28	1.20	1	3	55.56	1	1	14
CC(C)(C)OC(=O)N1CC2(C1)OCCC2N	WX101828	WuXi OTS Library_Solid Stock_135989cpds_260119.sdf	11271	16	228.29	0.72	1	4	64.79	0	2	16
CC(C)(C)OC(=O)N1[C@@H]2CC[C@H]1C[C@@H](N)C2	WX120567	WuXi OTS Library_Solid Stock_135989cpds_260119.sdf	11287	16	226.32	1.88	1	3	55.56	0	2	16
CC1(CN)CCCN(C(=O)OC(C)(C)C)CC1	WX601131	WuXi OTS Library_Solid Stock_135989cpds_260119.sdf	11301	17	242.36	2.37	1	3	55.56	1	1	17
CC1(CN)CCCCN(C(=O)OC(C)(C)C)C1	WX601341	WuXi OTS Library_Solid Stock_135989cpds_260119.sdf	11304	17	242.36	2.37	1	3	55.56	1	1	17
CC(C)(C)OC(=O)N1CCC(N)CC1	WX604185	WuXi OTS Library_Solid Stock_135989cpds_260119.sdf	11305	14	200.28	1.34	1	3	55.56	0	1	14
CC1(N)CCN(C(=O)OC(C)(C)C)CC1	WX604560	WuXi OTS Library_Solid Stock_135989cpds_260119.sdf	11420	15	214.31	1.73	1	3	55.56	0	1	15
CC(C)(C)OC(=O)N1CCC2(CC(N)C2)C1	WX100330	WuXi OTS Library_Solid Stock_135989cpds_260119.sdf	11753	16	226.32	1.73	1	3	55.56	0	2	16
CC(C)(C)OC(=O)NC12CCC(N)(CC1)CC2	WX601547	WuXi OTS Library_Solid Stock_135989cpds_260119.sdf	11789	17	240.35	2.32	2	3	64.35	1	3	17
N/C(Cc1ccsc1)=N/O	WX690163	WuXi OTS Library_Solid Stock_135989cpds_260119.sdf	12084	10	156.21	1.04	2	3	58.61	2	1	10
NCc1ccc(OCC(F)(F)F)nc1	WX603191	WuXi OTS Library_Solid Stock_135989cpds_260119.sdf	12149	14	206.17	1.48	1	3	48.14	3	1	14
CC(C)(C)OC(=O)N1CCC2(CC1)CC(N)CO2	WX100056	WuXi OTS Library_Solid Stock_135989cpds_260119.sdf	12432	18	256.35	1.50	1	4	64.79	0	2	18
CC(C)(C)OC(=O)N1C[C@H]2CCC[C@@H](N)[C@H]2C1	WX110058	WuXi OTS Library_Solid Stock_135989cpds_260119.sdf	12633	17	240.35	1.98	1	3	55.56	0	2	17
CC(C)(C)OC(=O)N1C[C@H](F)C[C@H]1CN	WX601253	WuXi OTS Library_Solid Stock_135989cpds_260119.sdf	12735	15	218.27	1.29	1	3	55.56	1	1	15
CC(C)(C)OC(=O)N1CC(O)(CCN)C1	WX600105	WuXi OTS Library_Solid Stock_135989cpds_260119.sdf	13593	15	216.28	0.32	2	4	75.79	2	1	15
CC(C)(N)Cc1ccc2ccccc2c1	WX600114	WuXi OTS Library_Solid Stock_135989cpds_260119.sdf	13594	15	199.30	3.12	1	1	26.02	2	2	15
CC(C)(C)OC(=O)N[C@H]1COC[C@H]1N	WX604746	WuXi OTS Library_Solid Stock_135989cpds_260119.sdf	13596	14	202.25	0.24	2	4	73.58	1	1	14
N=C(N)c1cccc(Cl)c1Cl	WX619947	WuXi OTS Library_Solid Stock_135989cpds_260119.sdf	13604	11	189.05	2.28	2	1	49.87	1	1	11
N/C(Cc1ccc(Cl)cc1Cl)=N/O	WX690143	WuXi OTS Library_Solid Stock_135989cpds_260119.sdf	13607	13	219.07	2.28	2	2	58.61	2	1	13
CC(C)(C)OC(=O)N1CCC2(CC1)CC2CN	WX100128	WuXi OTS Library_Solid Stock_135989cpds_260119.sdf	13735	17	240.35	1.98	1	3	55.56	1	2	17
NCc1ccc(Br)cn1	WX603129	WuXi OTS Library_Solid Stock_135989cpds_260119.sdf	13785	9	187.04	1.30	1	2	38.91	1	1	9
N/C(Cc1cccc(Cl)c1)=N\O	WX632011	WuXi OTS Library_Solid Stock_135989cpds_260119.sdf	13793	12	184.63	1.63	2	2	58.61	2	1	12
CC(C)(C)OC(=O)Nc1cccc(CN)c1	WX603166	WuXi OTS Library_Solid Stock_135989cpds_260119.sdf	13982	16	222.29	2.49	2	3	64.35	2	1	16
CC(C)(C)OC(=O)N1C[C@H]2COC[C@@H](C1)[C@@H]2N	WX120552	WuXi OTS Library_Solid Stock_135989cpds_260119.sdf	13987	17	242.32	0.83	1	4	64.79	0	2	17
CC(C)(C)OC(=O)N1C[C@H]2C[C@H](N)C[C@H]2C1	WX110049	WuXi OTS Library_Solid Stock_135989cpds_260119.sdf	14045	16	226.32	1.59	1	3	55.56	0	2	16
CC(C)(C)OC(=O)N1C[C@H](CN)[C@H](O)C1	WX601310	WuXi OTS Library_Solid Stock_135989cpds_260119.sdf	14166	15	216.28	0.17	2	4	75.79	1	1	15
CC(C)(C)OC(=O)N1C[C@H]2CCC[C@H](N)[C@H]2C1	WX110057	WuXi OTS Library_Solid Stock_135989cpds_260119.sdf	14213	17	240.35	1.98	1	3	55.56	0	2	17
CC(C)(C)OC(=O)N1CC[C@H]2OCCC[C@@]2(CN)C1	WX110754	WuXi OTS Library_Solid Stock_135989cpds_260119.sdf	14214	19	270.37	1.75	1	4	64.79	1	2	19
CC(C)(CN)NC(=O)OC(C)(C)C	WX600333	WuXi OTS Library_Solid Stock_135989cpds_260119.sdf	14252	13	188.27	1.25	2	3	64.35	2	0	13
CC(C)(C)OC(=O)N1CCC(N)(CO)CC1	WX604498	WuXi OTS Library_Solid Stock_135989cpds_260119.sdf	14253	16	230.31	0.71	2	4	75.79	1	1	16
CC(C)(C)OC(=O)N1C[C@H]2CCC[C@@H](CN)[C@H]2C1	WX110060	WuXi OTS Library_Solid Stock_135989cpds_260119.sdf	14332	18	254.37	2.23	1	3	55.56	1	2	18
CC(C)(C)OC(=O)N1C[C@H]2CC(CN)O[C@H]2C1	WX110545	WuXi OTS Library_Solid Stock_135989cpds_260119.sdf	14407	17	242.32	0.97	1	4	64.79	1	2	17
C[C@H]1CC[C@H](N)CN1C(=O)OCc1ccccc1	WX601408	WuXi OTS Library_Solid Stock_135989cpds_260119.sdf	14556	18	248.33	2.13	1	3	55.56	2	2	18
N/C(Cc1cccc(Br)c1)=N/O	WX690180	WuXi OTS Library_Solid Stock_135989cpds_260119.sdf	14933	12	229.08	1.74	2	2	58.61	2	1	12
NC1CCc2onc(C(=O)NCc3ccco3)c2C1	WX141616_AK0010ZZ0000	WuXi OTS Library_Solid Stock_135989cpds_260119.sdf	15002	19	261.28	1.01	2	5	94.29	3	3	19
C[C@@H]1CCN(C(=O)OCc2ccccc2)C[C@H]1N	WX601400	WuXi OTS Library_Solid Stock_135989cpds_260119.sdf	15012	18	248.33	1.99	1	3	55.56	2	2	18
CC(C)(C)OC(=O)N1C[C@@H]2CCC[C@]2(CN)C1	WX111673	WuXi OTS Library_Solid Stock_135989cpds_260119.sdf	15460	17	240.35	1.98	1	3	55.56	1	2	17
CC(C)(C)OC(=O)N1CCCCC(O)(CN)C1	WX601288	WuXi OTS Library_Solid Stock_135989cpds_260119.sdf	15489	17	244.33	1.10	2	4	75.79	1	1	17
CC(C)(C)OC(=O)N1CCN(S(=O)(=O)CCN)CC1	WX604015	WuXi OTS Library_Solid Stock_135989cpds_260119.sdf	15492	19	293.39	-0.17	1	5	92.94	3	1	19
CC(C)(C)OC(=O)N1CCC(N2CCC(N)CC2)CC1	WX170041	WuXi OTS Library_Solid Stock_135989cpds_260119.sdf	15579	20	283.42	1.81	1	4	58.80	1	2	20
CC(C)(C)OC(=O)N1CCCCC(F)(CN)C1	WX601284	WuXi OTS Library_Solid Stock_135989cpds_260119.sdf	15584	17	246.33	2.07	1	3	55.56	1	1	17
CC(C)(C)OC(=O)N1CC(F)(F)C[C@H]1CN	WX601108	WuXi OTS Library_Solid Stock_135989cpds_260119.sdf	15676	16	236.26	1.59	1	3	55.56	1	1	16
COC(=O)c1ccc(C2(N)CC2)cc1	WX604420	WuXi OTS Library_Solid Stock_135989cpds_260119.sdf	15679	14	191.23	1.42	1	3	52.32	2	2	14
CC1(N)CCCN(C(=O)OC(C)(C)C)CC1	WX601231	WuXi OTS Library_Solid Stock_135989cpds_260119.sdf	15883	16	228.34	2.12	1	3	55.56	0	1	16
CC(C)(C)OC(=O)N1CC2(COC(CN)C2)C1	WX100188	WuXi OTS Library_Solid Stock_135989cpds_260119.sdf	15901	17	242.32	0.97	1	4	64.79	1	2	17
CC1(N)CCN(C(=O)OC(C)(C)C)C1	WX601070	WuXi OTS Library_Solid Stock_135989cpds_260119.sdf	15948	14	200.28	1.34	1	3	55.56	0	1	14
N=C(N)c1ccc(Br)cc1	WX690071	WuXi OTS Library_Solid Stock_135989cpds_260119.sdf	15980	10	199.05	1.73	2	1	49.87	1	1	10
CC(C)(C)OC(=O)N1C2COCC1CC(N)C2	WX120124	WuXi OTS Library_Solid Stock_135989cpds_260119.sdf	16042	17	242.32	1.11	1	4	64.79	0	2	17
CC(C)C[C@H](N)C(=O)OCc1ccccc1	WX665196	WuXi OTS Library_Solid Stock_135989cpds_260119.sdf	16072	16	221.30	2.10	1	3	52.32	5	1	16
CC(C)(C)OC(=O)N1CC(O)(CN)C1	WX600138	WuXi OTS Library_Solid Stock_135989cpds_260119.sdf	16352	14	202.25	-0.07	2	4	75.79	1	1	14
CC(C)(C)OC(=O)N1CCC(CCN)CC1	WX604022	WuXi OTS Library_Solid Stock_135989cpds_260119.sdf	16353	16	228.34	1.98	1	3	55.56	2	1	16
Cc1cccc(C)c1OC[C@H](C)N	WX600190	WuXi OTS Library_Solid Stock_135989cpds_260119.sdf	16432	13	179.26	2.03	1	2	35.25	3	1	13
CC(C)(C)OC(=O)N1CCCC(O)(CN)CC1	WX601268	WuXi OTS Library_Solid Stock_135989cpds_260119.sdf	16433	17	244.33	1.10	2	4	75.79	1	1	17
CC(C)CCNC(=O)[C@@H](N)CC(C)C	WX665178	WuXi OTS Library_Solid Stock_135989cpds_260119.sdf	16454	14	200.33	1.52	2	2	55.12	6	0	14
CC(C)(C)OC(=O)N1CC2(CC(N)C2)C1	WX100320	WuXi OTS Library_Solid Stock_135989cpds_260119.sdf	16584	15	212.29	1.34	1	3	55.56	0	2	15
CC(C)(C)OC(=O)N1CC2CCC(C1)C2N	WX120289	WuXi OTS Library_Solid Stock_135989cpds_260119.sdf	16600	16	226.32	1.59	1	3	55.56	0	2	16
NC1CCc2onc(C(=O)NCC3CC3)c2C1	WX141616_AK0092ZZ0000	WuXi OTS Library_Solid Stock_135989cpds_260119.sdf	16606	17	235.29	0.63	2	4	81.15	3	3	17
CC(C)(C)OC(=O)NC1CC(N)C1	WX604577	WuXi OTS Library_Solid Stock_135989cpds_260119.sdf	16619	13	186.25	1.00	2	3	64.35	1	1	13
COC(=O)[C@@H](N)C(C)(C)NC(=O)OC(C)(C)C	WX665181	WuXi OTS Library_Solid Stock_135989cpds_260119.sdf	16639	17	246.31	0.79	2	5	90.65	3	0	17
CC(C)(C)OC(=O)N1CC[C@@]2(C1)OCC[C@H]2N	WX102165	WuXi OTS Library_Solid Stock_135989cpds_260119.sdf	16785	17	242.32	1.11	1	4	64.79	0	2	17
CC(C)(C)OC(=O)N1CCO[C@H]2[C@@H](N)CC[C@@H]21	WX111732	WuXi OTS Library_Solid Stock_135989cpds_260119.sdf	16896	17	242.32	1.11	1	4	64.79	0	2	17
NCC(=O)c1cccc(Br)c1	WX602205	WuXi OTS Library_Solid Stock_135989cpds_260119.sdf	17021	11	214.06	1.59	1	2	43.09	2	1	11
CC(C)(C)OC(=O)N1CCO[C@]2(CCCC[C@H]2N)C1	WX102156	WuXi OTS Library_Solid Stock_135989cpds_260119.sdf	17534	19	270.37	1.89	1	4	64.79	0	2	19
NC1CCc2onc(C(=O)NC3CCCC3)c2C1	WX141616_AK0003ZZ0000	WuXi OTS Library_Solid Stock_135989cpds_260119.sdf	19184	18	249.31	1.16	2	4	81.15	2	3	18
CC(C)(C)OC(=O)N1CC[C@H]2CO[C@@H](CN)[C@H]2C1	WX111177	WuXi OTS Library_Solid Stock_135989cpds_260119.sdf	20403	18	256.35	1.22	1	4	64.79	1	2	18
Cc1ccc(CN2C[C@@H]3C(CN)[C@@H]3C2)s1	WX110030_A010	WuXi OTS Library_Solid Stock_135989cpds_260119.sdf	21391	15	222.36	1.69	1	3	29.26	3	3	15
CC(C)(C)OC(=O)N1C[C@@H]2[C@H](N)c3ccccc3[C@@H]2C1	WX115003	WuXi OTS Library_Solid Stock_135989cpds_260119.sdf	22123	20	274.36	2.65	1	3	55.56	0	3	20
NCC1[C@H]2CN(CCc3ccccc3)C[C@@H]12	WX110030_A139	WuXi OTS Library_Solid Stock_135989cpds_260119.sdf	22159	16	216.33	1.37	1	2	29.26	4	3	16
NC[C@@H]1[C@H]2CN(Cc3ccc(Cl)c(F)c3)C[C@@H]12	WX110030_A142	WuXi OTS Library_Solid Stock_135989cpds_260119.sdf	22281	17	254.74	2.12	1	2	29.26	3	3	17
NC[C@H]1[C@H]2CN(Cc3ccccc3)C[C@@H]12	WX110030_A013	WuXi OTS Library_Solid Stock_135989cpds_260119.sdf	23420	15	202.30	1.32	1	2	29.26	3	3	15
NC[C@@H]1[C@H]2CN(Cc3cccc(Cl)c3)C[C@@H]12	WX110030_A172	WuXi OTS Library_Solid Stock_135989cpds_260119.sdf	24454	16	236.75	1.98	1	2	29.26	3	3	16
NC1CCc2[nH]c(=O)ccc2C1	WX140263_Y01	WuXi OTS Library_Solid Stock_135989cpds_260119.sdf	24539	12	164.21	0.19	2	2	58.88	0	2	12
NC[C@H]1[C@H]2CN(Cc3cccnc3)C[C@@H]12	WX110030_A021	WuXi OTS Library_Solid Stock_135989cpds_260119.sdf	24597	15	203.29	0.72	1	3	42.15	3	3	15
CC(C)(C)OC(=O)N1CCC2(CCC(CN)OC2)CC1	WX100064	WuXi OTS Library_Solid Stock_135989cpds_260119.sdf	25598	20	284.40	2.14	1	4	64.79	1	2	20
CC(C)(C)OC(=O)N1CCC2(CCC2N)CC1	WX100333	WuXi OTS Library_Solid Stock_135989cpds_260119.sdf	25825	17	240.35	2.12	1	3	55.56	0	2	17
CC(C)(C)OC(=O)N1CCC2(CC1)CC(CN)O2	WX101882	WuXi OTS Library_Solid Stock_135989cpds_260119.sdf	26185	18	256.35	1.50	1	4	64.79	1	2	18
CC(C)(C)OC(=O)N1CCO[C@]2(CCCC[C@@H]2N)C1	WX102155	WuXi OTS Library_Solid Stock_135989cpds_260119.sdf	26186	19	270.37	1.89	1	4	64.79	0	2	19
NCC1[C@H]2CN(C(=O)Cc3ccc(F)cc3)C[C@@H]12	WX110030_A105	WuXi OTS Library_Solid Stock_135989cpds_260119.sdf	26539	18	248.30	1.03	1	2	46.33	3	3	18
NC1CCc2onc(CN3CCOCC3)c2C1	WX141617_AN0012ZZ0000	WuXi OTS Library_Solid Stock_135989cpds_260119.sdf	27796	17	237.30	0.32	1	5	64.52	2	3	17
CC(C)(C)OC(=O)N1Cc2ccnn2CC(CCN)C1	WX141769	WuXi OTS Library_Solid Stock_135989cpds_260119.sdf	27828	20	280.37	1.60	1	5	73.38	2	2	20
CC(C)(C)OC(=O)N1CCN(C(=O)CCN)CC1	WX604018	WuXi OTS Library_Solid Stock_135989cpds_260119.sdf	28237	18	257.33	0.41	1	4	75.87	2	1	18
N=C(N)c1ccccc1Cl	WX619951	WuXi OTS Library_Solid Stock_135989cpds_260119.sdf	28243	10	154.60	1.62	2	1	49.87	1	1	10
CCn1c2c(ccc1=O)CC(N)CC2	WX140263_Y03	WuXi OTS Library_Solid Stock_135989cpds_260119.sdf	28432	14	192.26	0.68	1	3	48.02	1	2	14
Cc1nc(Cn2c3c(ccc2=O)CC(N)CC3)cs1	WX140263_Y20	WuXi OTS Library_Solid Stock_135989cpds_260119.sdf	28437	19	275.38	1.48	1	5	60.91	2	3	19
CC(C)Cn1c2c(ccc1=O)CC(N)CC2	WX140263_Y04	WuXi OTS Library_Solid Stock_135989cpds_260119.sdf	28579	16	220.32	1.32	1	3	48.02	2	2	16
NCC1COCc2c(-c3ccc4c(c3)OCO4)nnn2C1	WUXI_WX190029_Y34Z100A500	WuXi OTS Library_Solid Stock_135989cpds_260119.sdf	31671	21	288.31	0.78	1	7	84.42	2	4	21
NC1CCc2c(ccc(=O)n2CCn2cccn2)C1	WX140263_Y17	WuXi OTS Library_Solid Stock_135989cpds_260119.sdf	32256	19	258.32	0.56	1	5	65.84	3	3	19
Cc1cccc(Cn2c3c(ccc2=O)CC(N)CC3)n1	WX140263_Y29	WuXi OTS Library_Solid Stock_135989cpds_260119.sdf	32335	20	269.35	1.42	1	4	60.91	2	3	20
NC1CCc2c(ccc(=O)n2CCN2CCOCC2)C1	WX140263_Y14	WuXi OTS Library_Solid Stock_135989cpds_260119.sdf	32341	20	277.37	-0.00	1	5	60.49	3	3	20
CN1C(=O)CCC12CCC(N)CC2	WX100106_Y02	WuXi OTS Library_Solid Stock_135989cpds_260119.sdf	32384	13	182.27	0.88	1	2	46.33	0	2	13
NCC1OCCc2cn(CC3CCOCC3)nc21	WX140514_Y11	WuXi OTS Library_Solid Stock_135989cpds_260119.sdf	32428	18	251.33	0.88	1	5	62.30	3	3	18
CC(=O)N1CC2CC2(N)C1	WX110036_DEBOC	WuXi OTS Library_Solid Stock_135989cpds_260119.sdf	32675	10	140.19	-0.43	1	2	46.33	0	2	10
CN(C)C(=O)Cn1cc2c(n1)C(CN)OCC2	WX140514_Y08	WuXi OTS Library_Solid Stock_135989cpds_260119.sdf	32723	17	238.29	-0.46	1	5	73.38	3	2	17
NC1CCc2c(ccc(=O)n2Cc2ccncc2)C1	WX140263_Y21	WuXi OTS Library_Solid Stock_135989cpds_260119.sdf	32756	19	255.32	1.11	1	4	60.91	2	3	19
NCC1OCCc2cn(CC3CC3)nc21	WX140514_Y09	WuXi OTS Library_Solid Stock_135989cpds_260119.sdf	32767	15	207.28	0.87	1	4	53.07	3	3	15
Cn1cc2c(n1)C(CN)OCC2	WX140514_Y01	WuXi OTS Library_Solid Stock_135989cpds_260119.sdf	32781	12	167.21	-0.01	1	4	53.07	1	2	12
NC1CCc2c(ccc(=O)n2Cc2cccnc2)C1	WX140263_Y19	WuXi OTS Library_Solid Stock_135989cpds_260119.sdf	32847	19	255.32	1.11	1	4	60.91	2	3	19
NCC1Cn2nnc(-c3cccnc3)c2CO1	WX190026_Y29	WuXi OTS Library_Solid Stock_135989cpds_260119.sdf	32864	17	231.26	0.20	1	6	78.85	2	3	17
NC1CCc2c(ccc(=O)n2CCN2CCCC2)C1	WX140263_Y11	WuXi OTS Library_Solid Stock_135989cpds_260119.sdf	32944	19	261.37	0.76	1	4	51.26	3	3	19
NC1CCC2(CCC(=O)N2CC2CC2)CC1	WX100106_Y09	WuXi OTS Library_Solid Stock_135989cpds_260119.sdf	32986	16	222.33	1.66	1	2	46.33	2	3	16
NC1CCC2(CCC(=O)N2Cc2cccc(F)c2)CC1	WX100106_Y16	WuXi OTS Library_Solid Stock_135989cpds_260119.sdf	32994	20	276.35	2.59	1	2	46.33	2	3	20
CC(C)C(=O)N1C[C@@H]2C(CN)[C@@H]2C1	WX110030_A525	WuXi OTS Library_Solid Stock_135989cpds_260119.sdf	42345	13	182.27	0.31	1	2	46.33	2	2	13
CC(C)(C)C(=O)N1C[C@@H]2C(CN)[C@@H]2C1	WX110030_A527	WuXi OTS Library_Solid Stock_135989cpds_260119.sdf	44198	14	196.29	0.70	1	2	46.33	1	2	14
Cc1cc(C)cc(OCC(C)N)c1	WX609537	WuXi OTS Library_Solid Stock_135989cpds_260119.sdf	44357	13	179.26	2.03	1	2	35.25	3	1	13
C[C@@H](N)c1cnc2ccccn12	WX603128	WuXi OTS Library_Solid Stock_135989cpds_260119.sdf	44386	12	161.21	1.35	1	3	43.32	1	2	12
NCC1[C@H]2CN(C(=O)C(F)F)C[C@@H]12	WX110030_A535	WuXi OTS Library_Solid Stock_135989cpds_260119.sdf	45788	13	190.19	-0.09	1	2	46.33	2	2	13
CC(C)(C)OC(=O)N1CCOCC(N)C1	WX601045	WuXi OTS Library_Solid Stock_135989cpds_260119.sdf	46269	15	216.28	0.58	1	4	64.79	0	1	15
NCc1ccccc1C(F)F	WXFC0035	WuXi OTS Library_Solid Stock_135989cpds_260119.sdf	48017	11	157.16	2.08	1	1	26.02	2	1	11
Cc1ccccc1C(=O)N1C[C@@H]2[C@@H](CN)[C@@H]2C1	WX110030_A087	WuXi OTS Library_Solid Stock_135989cpds_260119.sdf	50525	17	230.31	1.27	1	2	46.33	2	3	17
COC(=O)CCCCCCN	WX600067	WuXi OTS Library_Solid Stock_135989cpds_260119.sdf	51191	11	159.23	1.07	1	3	52.32	6	0	11
CC(C)(C)OC(=O)N1CCCC(CN)CC1	WX601130	WuXi OTS Library_Solid Stock_135989cpds_260119.sdf	51526	16	228.34	1.98	1	3	55.56	1	1	16
NC[C@@H]1CCC[C@H]1F	WX601360	WuXi OTS Library_Solid Stock_135989cpds_260119.sdf	51642	8	117.17	1.08	1	1	26.02	1	1	8
Cc1cc(CC(C)N)on1	WX600007	WuXi OTS Library_Solid Stock_135989cpds_260119.sdf	51654	10	140.19	0.87	1	3	52.05	2	1	10
NC[C@@H]1[C@H]2CN(Cc3ccccc3F)C[C@@H]12	WX110030_A170	WuXi OTS Library_Solid Stock_135989cpds_260119.sdf	52334	16	220.29	1.46	1	2	29.26	3	3	16
CC(C)OC(=O)C1CCC(N)=N1	WX619924	WuXi OTS Library_Solid Stock_135989cpds_260119.sdf	53388	12	170.21	0.46	1	4	64.68	2	1	12
NC(CC(=O)O)C1CCCCC1	WX665032	WuXi OTS Library_Solid Stock_135989cpds_260119.sdf	53399	12	171.24	1.37	2	2	63.32	3	1	12
CCC(=O)N1C[C@@H]2C(CN)[C@@H]2C1	WX110030_A524	WuXi OTS Library_Solid Stock_135989cpds_260119.sdf	54435	12	168.24	0.06	1	2	46.33	2	2	12
CN(C)c1cccc(C(=O)N2CCC3(CCC(CN)OC3)CC2)c1	WUXI01-0823_X20BY262	WuXi OTS Library_Solid Stock_135989cpds_260119.sdf	57682	24	331.46	2.11	1	4	58.80	3	3	24
NC1CN(C(=O)OCc2ccccc2)CC12CC2	WX101850	WuXi OTS Library_Solid Stock_135989cpds_260119.sdf	58355	18	246.31	1.75	1	3	55.56	2	3	18
NC[C@]1(O)CCN(C(=O)OCc2ccccc2)C[C@@H]1F	WX601614	WuXi OTS Library_Solid Stock_135989cpds_260119.sdf	58397	20	282.31	1.06	2	4	75.79	3	2	20
Cc1cccn2c(CN)nnc12	WX603040	WuXi OTS Library_Solid Stock_135989cpds_260119.sdf	58399	12	162.20	0.50	1	4	56.21	1	2	12
CCc1ccc(CN2CC3CC3(N)C2)cc1	WX110100_A138	WuXi OTS Library_Solid Stock_135989cpds_260119.sdf	60058	16	216.33	1.78	1	2	29.26	3	3	16
NC12CC1CN(Cc1ccc(Cl)c(F)c1)C2	WX110100_A142	WuXi OTS Library_Solid Stock_135989cpds_260119.sdf	60227	16	240.71	2.01	1	2	29.26	2	3	16
NC(=O)C1(N)CC1	WX600316	WuXi OTS Library_Solid Stock_135989cpds_260119.sdf	60771	7	100.12	-1.04	2	2	69.11	1	1	7
CC(C)(C)OC(=O)N1CC2(C1)C(N)CCS2(=O)=O	WX100812	WuXi OTS Library_Solid Stock_135989cpds_260119.sdf	61608	18	276.36	0.12	1	5	89.70	0	2	18
NCCN1CCCCO1	WX600044	WuXi OTS Library_Solid Stock_135989cpds_260119.sdf	67215	9	130.19	-0.03	1	3	38.49	2	1	9
COC(=O)CC(N)C(=O)OC	RS20010602	WuXi OTS Library_Solid Stock_135989cpds_260119.sdf	67247	11	161.16	-0.95	1	5	78.62	3	0	11
NC(CC(=O)O)c1ccc(F)c([N+](=O)[O-])c1	WX610221	WuXi OTS Library_Solid Stock_135989cpds_260119.sdf	67248	16	228.18	1.21	2	4	106.46	4	1	16
Cc1ccc(/C(N)=N/O)cc1C	WX690170	WuXi OTS Library_Solid Stock_135989cpds_260119.sdf	67409	12	164.21	1.40	2	2	58.61	1	1	12
NCC1CC(F)(F)C1	WXFC0160	WuXi OTS Library_Solid Stock_135989cpds_260119.sdf	72400	8	121.13	0.99	1	1	26.02	1	1	8
C[C@@H](N)c1ccc(C#N)cc1	WX603055	WuXi OTS Library_Solid Stock_135989cpds_260119.sdf	72458	11	146.19	1.58	1	2	49.81	1	1	11
CCc1cccc(NC(=O)N2CC3CC3(N)C2)c1	WX110100_A133	WuXi OTS Library_Solid Stock_135989cpds_260119.sdf	72642	18	245.33	1.81	2	2	58.36	2	3	18
CCCCNC(=O)N1C[C@@H]2[C@@H](CN)[C@@H]2C1	WX110030_A565	WuXi OTS Library_Solid Stock_135989cpds_260119.sdf	75117	15	211.31	0.63	2	2	58.36	4	2	15
Cc1ccc(CN2C[C@@H]3[C@H](CN)[C@@H]3C2)cc1	WX110030_A014	WuXi OTS Library_Solid Stock_135989cpds_260119.sdf	75150	16	216.33	1.63	1	2	29.26	3	3	16
Cc1ccc(C(=O)N2CCC3(CC2)CC(N)CO3)cc1	WUXI03-05_Y099RZ30	WuXi OTS Library_Solid Stock_135989cpds_260119.sdf	76060	20	274.36	1.72	1	3	55.56	1	3	20
CN(C)C(=O)N1C[C@@H]2C(CN)[C@@H]2C1	WX110030_A550	WuXi OTS Library_Solid Stock_135989cpds_260119.sdf	76111	13	183.25	-0.20	1	2	49.57	1	2	13
NC12CC1CN(C(=O)NC1CCCCC1)C2	WX110100_A566	WuXi OTS Library_Solid Stock_135989cpds_260119.sdf	79488	16	223.32	1.06	2	2	58.36	1	3	16
CC(C)C[C@@H](N)CO	WX600172	WuXi OTS Library_Solid Stock_135989cpds_260119.sdf	79858	8	117.19	0.35	2	2	46.25	3	0	8
CC(C)(C)CC(=O)N1CCC2(CCC(CN)OC2)CC1	WUXI01-0823_X20BY304	WuXi OTS Library_Solid Stock_135989cpds_260119.sdf	80029	20	282.43	2.17	1	3	55.56	2	2	20
NCC1OCCc2cn(Cc3ccccn3)nc21	WX140514_Y23	WuXi OTS Library_Solid Stock_135989cpds_260119.sdf	80256	18	244.30	0.90	1	5	65.96	3	3	18
COCCn1cc2c(n1)C(CN)OCC2	WUXI_WX140514_Y06A500	WuXi OTS Library_Solid Stock_135989cpds_260119.sdf	80398	15	211.26	0.10	1	5	62.30	4	2	15
CC(C)(C)OC(=O)NC1CCC(N)CC1	RS20012456	WuXi OTS Library_Solid Stock_135989cpds_260119.sdf	80489	15	214.31	1.78	2	3	64.35	1	1	15
NC1CCC2(CCC(=O)N2Cc2ccncc2)CC1	WX100106_Y14	WuXi OTS Library_Solid Stock_135989cpds_260119.sdf	81243	19	259.35	1.84	1	3	59.22	2	3	19
COc1cccc(/C(N)=N/O)c1	WX690156	WuXi OTS Library_Solid Stock_135989cpds_260119.sdf	82742	12	166.18	0.79	2	3	67.84	2	1	12
CC(C)C[C@H](N)C(=O)N1CC2(CCNCC2)c2cc(Cl)ccc21	WUXI01-0823_X15BY326	WuXi OTS Library_Solid Stock_135989cpds_260119.sdf	83022	23	335.88	2.68	2	3	58.36	3	3	23
N[C@@H]1CCNC1=O	WX604202	WuXi OTS Library_Solid Stock_135989cpds_260119.sdf	84871	7	100.12	-1.17	2	2	55.12	0	1	7
NC12CC1CN(C(=O)c1ccccc1F)C2	WX110100_A090	WuXi OTS Library_Solid Stock_135989cpds_260119.sdf	85641	16	220.25	1.00	1	2	46.33	1	3	16
NC[C@H]1[C@H]2CN(c3cc(C(F)(F)F)ncn3)C[C@@H]12	WX110030_A029	WuXi OTS Library_Solid Stock_135989cpds_260119.sdf	85646	18	258.25	1.14	1	4	55.04	2	3	18
NC(CCc1ccccc1)C(=O)O	RS20011682	WuXi OTS Library_Solid Stock_135989cpds_260119.sdf	85967	13	179.22	1.03	2	2	63.32	4	1	13
CC(C)(C)[Si](C)(C)OCCN	WX600292	WuXi OTS Library_Solid Stock_135989cpds_260119.sdf	85980	11	175.35	1.97	1	2	35.25	3	0	11
CC(C)(C)OC(=O)N1CC2(CCOCC2N)C1	WX100917	WuXi OTS Library_Solid Stock_135989cpds_260119.sdf	89419	17	242.32	0.97	1	4	64.79	0	2	17
CC(C)(C)OC(=O)N1CCCCC1C(=N)N	WX684428	WuXi OTS Library_Solid Stock_135989cpds_260119.sdf	90604	16	227.31	1.71	2	3	79.41	1	1	16
CS(=O)(=O)N1CC2CC2(N)C1	WX110036_Y11	WuXi OTS Library_Solid Stock_135989cpds_260119.sdf	90908	11	176.24	-1.02	1	3	63.40	1	2	11
COc1ccc2c(c1)C1(CCN(C(=O)OC(C)(C)C)CC1)CC2N	WX105061	WuXi OTS Library_Solid Stock_135989cpds_260119.sdf	91018	24	332.44	3.37	1	4	64.79	1	3	24
NC1CCC2(CCCC2)CC1	WX604753	WuXi OTS Library_Solid Stock_135989cpds_260119.sdf	92067	11	153.27	2.45	1	1	26.02	0	2	11
CCN(CC)C(=O)C(C)N	WX600320	WuXi OTS Library_Solid Stock_135989cpds_260119.sdf	92079	10	144.22	0.20	1	2	46.33	3	0	10
NCC(=O)N1CC2(CCNCC2)c2cc(Cl)ccc21	WUXI01-0823_X15BY261	WuXi OTS Library_Solid Stock_135989cpds_260119.sdf	92828	19	279.77	1.27	2	3	58.36	1	3	19
Cc1cc(C)cc(CN2C[C@@H]3[C@H](CN)[C@@H]3C2)c1	WX110030_A017	WuXi OTS Library_Solid Stock_135989cpds_260119.sdf	93404	17	230.35	1.94	1	2	29.26	3	3	17
CCOC(=O)CC(C)(C)N	WX600232	WuXi OTS Library_Solid Stock_135989cpds_260119.sdf	93442	10	145.20	0.68	1	3	52.32	3	0	10
Cc1cnc(N2C[C@@H]3[C@H](CN)[C@@H]3C2)nc1	WX110030_A030	WuXi OTS Library_Solid Stock_135989cpds_260119.sdf	93701	15	204.28	0.43	1	4	55.04	2	3	15
Cc1cncc(C(=O)N2CC3CC3(N)C2)c1	WX110100_A077	WuXi OTS Library_Solid Stock_135989cpds_260119.sdf	95628	16	217.27	0.56	1	3	59.22	1	3	16
NC12CC1CN(C(=O)Nc1cccc(F)c1)C2	WX110100_A131	WuXi OTS Library_Solid Stock_135989cpds_260119.sdf	96640	17	235.26	1.39	2	2	58.36	1	3	17
NC12CC1CN(C(=O)c1cccc(F)c1)C2	WX110100_A046	WuXi OTS Library_Solid Stock_135989cpds_260119.sdf	96677	16	220.25	1.00	1	2	46.33	1	3	16
NC[C@@H]1[C@H]2CN(Cc3ccsc3)C[C@@H]12	WX110030_A004	WuXi OTS Library_Solid Stock_135989cpds_260119.sdf	96942	14	208.33	1.38	1	3	29.26	3	3	14
Cc1ccc(CN2CC3CC3(N)C2)cc1C	WX110100_A137	WuXi OTS Library_Solid Stock_135989cpds_260119.sdf	97828	16	216.33	1.84	1	2	29.26	2	3	16
Cc1cccc(C(=O)N2CC3CC3(N)C2)n1	WX110100_A076	WuXi OTS Library_Solid Stock_135989cpds_260119.sdf	98127	16	217.27	0.56	1	3	59.22	1	3	16
NC[C@@H]1[C@H]2CN(Cc3ccco3)C[C@@H]12	WX110030_A001	WuXi OTS Library_Solid Stock_135989cpds_260119.sdf	98765	14	192.26	0.92	1	3	42.40	3	3	14
NC12CC1CN(C(=O)c1cccc(Cl)c1)C2	WX110100_A048	WuXi OTS Library_Solid Stock_135989cpds_260119.sdf	100002	16	236.70	1.51	1	2	46.33	1	3	16
CN1C(=O)C2(CC2C(=O)NCCN)c2ccccc21	WX105105_Y02C572	WuXi OTS Library_Solid Stock_135989cpds_260119.sdf	101996	19	259.31	-0.00	2	3	75.43	3	3	19
NC12CC1CN(Cc1ccc(F)cc1)C2	WX110100_A015	WuXi OTS Library_Solid Stock_135989cpds_260119.sdf	102035	15	206.26	1.36	1	2	29.26	2	3	15
COc1ccc(CC(=O)N2CC3CC3(N)C2)cc1	WX110100_A058	WuXi OTS Library_Solid Stock_135989cpds_260119.sdf	102046	18	246.31	0.80	1	3	55.56	3	3	18
NC12CC1CN(C(=O)Cc1cccc(F)c1)C2	WX110100_A056	WuXi OTS Library_Solid Stock_135989cpds_260119.sdf	103062	17	234.27	0.93	1	2	46.33	2	3	17
NCC1[C@H]2CN(C(=O)Cc3ccccc3)C[C@@H]12	WX110030_A055	WuXi OTS Library_Solid Stock_135989cpds_260119.sdf	103406	17	230.31	0.89	1	2	46.33	3	3	17
NC[C@@H]1[C@H]2CN(Cc3ccc(F)cc3)C[C@@H]12	WX110030_A015	WuXi OTS Library_Solid Stock_135989cpds_260119.sdf	104388	16	220.29	1.46	1	2	29.26	3	3	16
NCC1Cn2nnc(-c3cncnc3)c2CO1	WX190026_Y32	WuXi OTS Library_Solid Stock_135989cpds_260119.sdf	105398	17	232.25	-0.41	1	7	91.74	2	3	17
NC12CC1CN(CCc1ccccc1)C2	WX110100_A139	WuXi OTS Library_Solid Stock_135989cpds_260119.sdf	105462	15	202.30	1.26	1	2	29.26	3	3	15
Cc1cc(C)cc(CN2CC3CC3(N)C2)c1	WX110100_A017	WuXi OTS Library_Solid Stock_135989cpds_260119.sdf	105482	16	216.33	1.84	1	2	29.26	2	3	16
NCC1[C@H]2CN(CC3CCCC3)C[C@@H]12	WX110030_A510	WuXi OTS Library_Solid Stock_135989cpds_260119.sdf	105962	14	194.32	1.31	1	2	29.26	3	3	14
N[C@]12C[C@H]1CN(Cc1cccc(Cl)c1)C2	WX110100_A172	WuXi OTS Library_Solid Stock_135989cpds_260119.sdf	106495	15	222.72	1.87	1	2	29.26	2	3	15
NCC(C(=O)N1CC2(CCCC2NC(=O)c2ccc3c(c2)OCO3)C1)c1ccccc1	WXCD00102826_SE0015_AC4147	WuXi OTS Library_Solid Stock_135989cpds_260119.sdf	107248	31	421.50	2.27	2	5	93.89	5	5	31
NC(C(=O)N1CC2(CCCN2C(=O)c2ccc(-c3ncc[nH]3)cc2)C1)c1cccc(Cl)c1	WXCD00100142_SD0212_AC2118	WuXi OTS Library_Solid Stock_135989cpds_260119.sdf	107427	32	449.94	3.25	2	4	95.32	4	5	32
NCc1c(F)cccc1NC(=O)CC1CCc2ccc(F)cc21	WXVL_AK0951SB3618	WuXi OTS Library_Solid Stock_135989cpds_260119.sdf	107447	23	316.35	3.48	2	2	55.12	4	3	23
CC(C)N(CCN)S(=O)(=O)c1ccc(C(F)(F)F)cc1Cl	WXVL003____AK1165____HU0189	WuXi OTS Library_Solid Stock_135989cpds_260119.sdf	107488	21	344.79	2.72	1	3	63.40	5	1	21
CC(=O)Nc1cc(-c2ccc([C@@H](C)N)cc2)ccc1F	LN00338518_BT0365	WuXi OTS Library_Solid Stock_135989cpds_260119.sdf	107524	20	272.32	3.47	2	2	55.12	3	2	20
NC1CN(S(=O)(=O)c2ccc(C(F)(F)F)cc2[N+](=O)[O-])C1	WXVL003____AK1291____HU0463	WuXi OTS Library_Solid Stock_135989cpds_260119.sdf	107559	21	325.27	0.95	1	5	106.54	3	2	21
COc1cccc(-c2ccc(NC(=O)C3=C(C(=O)N4Cc5ccccc5C[C@H]4CN)CCC3)c(F)c2)c1	WXVL_AK5991SB4330	WuXi OTS Library_Solid Stock_135989cpds_260119.sdf	107620	37	499.59	4.83	2	4	84.66	6	5	37
NC1(CNS(=O)(=O)c2ccc(Cl)cc2[N+](=O)[O-])CC1	WXVL003____AK5977____HU0431	WuXi OTS Library_Solid Stock_135989cpds_260119.sdf	107695	19	305.74	1.02	2	5	115.33	5	2	19
NC1(CNS(=O)(=O)c2ccc([N+](=O)[O-])cc2Cl)CC1	WXVL003____AK5977____HU0337	WuXi OTS Library_Solid Stock_135989cpds_260119.sdf	107696	19	305.74	1.02	2	5	115.33	5	2	19
CC1(N)CN(S(=O)(=O)c2ccc(Cl)cc2[N+](=O)[O-])C1	WXVL003____AK5588____HU0431	WuXi OTS Library_Solid Stock_135989cpds_260119.sdf	107701	19	305.74	0.97	1	5	106.54	3	2	19
COc1ccc(NC(=O)N(CCN)C(C)C)c(OC)c1	WXVL004____AK1165____YV0120	WuXi OTS Library_Solid Stock_135989cpds_260119.sdf	107702	20	281.36	1.90	2	4	76.82	6	1	20
N[C@@H]1CCc2nc(NC(=O)[C@@H]3CC4(CC4)CN3C(=O)c3cc4cn[nH]c4cc3Br)sc2C1	WXCD00102217_AK8027_SC00128	WuXi OTS Library_Solid Stock_135989cpds_260119.sdf	107764	32	515.44	3.23	3	6	117.00	3	6	32
NCc1ccc(NC(=O)C2CCN(S(=O)(=O)c3ccccc3)CC2)cc1	WXVL_AG3413SB2096	WuXi OTS Library_Solid Stock_135989cpds_260119.sdf	107806	26	373.48	2.18	2	4	92.50	5	3	26
NC[C@@H](N)C(=O)N1C[C@H]2CN(C(=O)c3ccnc4[nH]ccc34)C[C@H]21	WXCD00110002_SE1753_SF026	WuXi OTS Library_Solid Stock_135989cpds_260119.sdf	107909	24	328.38	-0.87	3	5	121.34	3	4	24
NCCOCCNC(=O)c1cncc(-c2ccc(OC(F)(F)F)cc2)n1	WXVL_AK1773SC1482	WuXi OTS Library_Solid Stock_135989cpds_260119.sdf	107914	26	370.33	1.75	2	6	99.36	8	2	26
NCCN(CCO)C(=O)c1cc2cc(Cl)ccc2o1	WXVL_AK0954SE0074	WuXi OTS Library_Solid Stock_135989cpds_260119.sdf	107965	19	282.73	1.48	2	4	79.70	5	2	19
NC1CCN(C(=O)c2ccc(F)c3ccccc23)c2ccccc21	WXVL_AK2807SE0012	WuXi OTS Library_Solid Stock_135989cpds_260119.sdf	108019	24	320.37	4.03	1	2	46.33	1	4	24
Cc1cc(C(=O)N2CC3(CCCC3NC(=O)CN)C2)cc2c[nH]nc12	WXCD00102826_AC0736_SE0728	WuXi OTS Library_Solid Stock_135989cpds_260119.sdf	108087	25	341.42	0.94	3	4	104.11	3	4	25
COc1ccc(NC(=O)N2CC(C)(N)C2)c(OC)c1	WXVL004____AK5588____YV0120	WuXi OTS Library_Solid Stock_135989cpds_260119.sdf	108098	19	265.31	1.27	2	4	76.82	3	2	19
NCCN(CCO)S(=O)(=O)c1ccc(C(F)(F)F)cc1[N+](=O)[O-]	WXVL003____AK0954____HU0463	WuXi OTS Library_Solid Stock_135989cpds_260119.sdf	108099	23	357.31	0.56	2	6	126.77	7	1	23
CCOC(=O)Nc1ccc(NC(=O)C2CCC(CN)CC2)cc1	WXVL_AG1850SB4624	WuXi OTS Library_Solid Stock_135989cpds_260119.sdf	108101	23	319.41	2.96	3	4	93.45	5	2	23
CC(N)c1ccc(NC(=O)CCc2nc(-c3ccccc3)c(-c3ccccc3)o2)cc1	WXVL001____AK3316____SA0263	WuXi OTS Library_Solid Stock_135989cpds_260119.sdf	108110	31	411.51	5.60	2	4	81.15	7	4	31
CC(Cc1ccc(Cl)cc1Cl)NCC(C)(C)N	WXVL012____AK0767____TA0757	WuXi OTS Library_Solid Stock_135989cpds_260119.sdf	108166	17	275.22	3.25	2	2	38.05	5	1	17
NCCc1ccc(NC(=O)c2cnn(-c3nc4cc(OC(F)(F)F)c(Cl)cc4[nH]3)c2)cc1	WXVL_AK0931SC1405	WuXi OTS Library_Solid Stock_135989cpds_260119.sdf	108178	32	464.84	4.05	3	6	110.85	6	4	32
NC1CCN(C(=O)c2ccc(C(F)(F)F)cc2Cl)C1	WXVL001____AK1148____SD0480	WuXi OTS Library_Solid Stock_135989cpds_260119.sdf	108189	19	292.69	2.53	1	2	46.33	1	2	19
CC(Cc1ccc(Cl)cc1Cl)NCC1(N)CC1	WXVL012____AK5977____TA0757	WuXi OTS Library_Solid Stock_135989cpds_260119.sdf	108272	17	273.21	3.01	2	2	38.05	5	2	17
COc1ccc2cc(-c3cc(C(=O)NCCOCCN)[nH]n3)ccc2c1	WXVL_AK1773SC0762	WuXi OTS Library_Solid Stock_135989cpds_260119.sdf	108305	26	354.41	1.94	3	5	102.26	8	3	26
NC[C@@H](N)C(=O)N1CC2(CN(C(=O)c3ccc(=O)[nH]c3)C2)C1	WXCD00904244_SF026_SC2212	WuXi OTS Library_Solid Stock_135989cpds_260119.sdf	108329	22	305.34	-2.05	3	5	125.52	3	3	22
NCC(=O)N1C[C@H]2CN(C(=O)c3cc4cn[nH]c4cn3)[C@@H]2C1	WXCD00110002_AC0736_SE0667	WuXi OTS Library_Solid Stock_135989cpds_260119.sdf	108333	22	300.32	-0.80	2	5	108.21	2	4	22
CC1(N)CN(S(=O)(=O)c2ccc(C(F)(F)F)cc2Cl)C1	WXVL003____AK5588____HU0189	WuXi OTS Library_Solid Stock_135989cpds_260119.sdf	108345	20	328.74	2.08	1	3	63.40	2	2	20
Cc1ccc(F)cc1CC(=O)Nc1cccc(CN)c1	WXVL_AK1273SB1264	WuXi OTS Library_Solid Stock_135989cpds_260119.sdf	108621	20	272.32	2.77	2	2	55.12	4	2	20
CCOC(=O)c1cnoc1NC(=O)[C@]12C[C@@](NC(=O)C(N)[C@H](C)CC)(C1)C2	WXCD00120631_AF0354_AC0926	WuXi OTS Library_Solid Stock_135989cpds_260119.sdf	108711	27	378.43	1.20	3	7	136.55	8	4	27
CC1(N)CN(C(=O)c2ccc(C(F)(F)F)cc2[N+](=O)[O-])C1	WXVL001____AK5588____SD0413	WuXi OTS Library_Solid Stock_135989cpds_260119.sdf	108720	21	303.24	1.79	1	4	89.47	2	2	21
CC(Cc1ccc(Cl)cc1Cl)N1CC(C)(N)C1	WXVL012____AK5588____TA0757	WuXi OTS Library_Solid Stock_135989cpds_260119.sdf	108721	17	273.21	2.96	1	2	29.26	3	2	17
CC(NC(=O)c1cnc2n1CCN(C(=O)CCC(N)C(N)=O)C2C)c1cc(F)cc(F)c1	WXCD00141689_AK00118_AC2348	WuXi OTS Library_Solid Stock_135989cpds_260119.sdf	108848	32	448.47	1.15	3	6	136.34	7	3	32
COc1ccc2ncc(-c3ccc(CN)cc3)cc2c1	WXVL_BT0970LQ3311	WuXi OTS Library_Solid Stock_135989cpds_260119.sdf	108877	20	264.33	3.37	1	3	48.14	3	3	20
NCC(=O)N1CC2CC1CC2NC(=O)c1ccc2c(c1)OCO2	WXCD00120470_AC0736_SE0015	WuXi OTS Library_Solid Stock_135989cpds_260119.sdf	108911	23	317.35	0.09	2	5	93.89	3	4	23
NCc1cccc(NC(=O)CCc2nc(-c3ccccc3)c(-c3ccccc3)o2)c1	WXVL001____AK1273____SA0263	WuXi OTS Library_Solid Stock_135989cpds_260119.sdf	109059	30	397.48	5.04	2	4	81.15	7	4	30
COc1c(F)cc(F)cc1-c1ccc(CN2CCC(CN)CC2)cc1	WXVL_BT2024LQ4870	WuXi OTS Library_Solid Stock_135989cpds_260119.sdf	109166	25	346.42	3.81	1	3	38.49	5	3	25
NCC(=O)N1CCO[C@@H]2CN(C(=O)c3ccnc4[nH]ccc34)C[C@@H]21	WXCD00110023_AC0736_SE1753	WuXi OTS Library_Solid Stock_135989cpds_260119.sdf	109227	24	329.36	-0.43	2	5	104.55	2	4	24
NCC(=O)N1CC2(C1)CN(C(=O)c1cccc3[nH]ncc13)C2	WXCD00904244_AC0736_SE1658	WuXi OTS Library_Solid Stock_135989cpds_260119.sdf	109268	22	299.33	-0.19	2	4	95.32	2	4	22
Cc1c(C(=O)N2CC3(CCCN(C(=O)[C@@H](N)CN)C3)C2)oc2ccccc12	WXCD00102742_SE0058_SF026	WuXi OTS Library_Solid Stock_135989cpds_260119.sdf	109360	27	370.45	1.09	2	5	105.80	3	4	27
CC(Cc1ccc(Cl)cc1Cl)N1CC(N)C1	WXVL012____AK1291____TA0757	WuXi OTS Library_Solid Stock_135989cpds_260119.sdf	109395	16	259.18	2.57	1	2	29.26	3	2	16
NCCN(CCO)S(=O)(=O)c1ccc(Cl)cc1[N+](=O)[O-]	WXVL003____AK0954____HU0431	WuXi OTS Library_Solid Stock_135989cpds_260119.sdf	109397	20	323.76	0.19	2	6	126.77	7	1	20
NCC(N)C(=O)NC1C[C@@H]2C[C@@H]1CN2C(=O)C1C=CN2NC=CC2=C1	WXCD00120470_SE0625_SF026	WuXi OTS Library_Solid Stock_135989cpds_260119.sdf	109407	25	344.42	-1.26	4	6	116.72	4	4	25
Cc1cc(C(F)(F)F)ccc1C(=O)NCC1(N)CC1	WXVL001____AK5977____SD1214	WuXi OTS Library_Solid Stock_135989cpds_260119.sdf	109432	19	272.27	2.23	2	2	55.12	3	2	19
NCC1(NS(=O)(=O)c2ccc(C(F)(F)F)cc2Cl)CC1	WXVL003____AK5977____HU0189	WuXi OTS Library_Solid Stock_135989cpds_260119.sdf	109550	20	328.74	2.13	2	3	72.19	4	2	20
NC1CN(C(=O)Nc2ccc([N+](=O)[O-])cc2Cl)C1	WXVL004____AK1291____YV0156	WuXi OTS Library_Solid Stock_135989cpds_260119.sdf	109553	18	270.68	1.42	2	4	101.50	2	2	18
NCC(=O)N1CCC2(CC1)CC2NC(=O)c1cccc2[nH]ncc12	WXCD00100583_SE1658_AC0736	WuXi OTS Library_Solid Stock_135989cpds_260119.sdf	109780	24	327.39	0.63	3	4	104.11	3	4	24
CN(CCN)CCNC(=O)c1csc(-c2cc(Cl)cc(Cl)c2)n1	WXVL_AK4182SC0750	WuXi OTS Library_Solid Stock_135989cpds_260119.sdf	109832	23	373.31	2.74	2	5	71.25	7	2	23
CCOC(=O)c1cc(-c2ccc(C[C@H](N)C(=O)O)cc2)nc2ccccc12	WXVL_BT3599LP1078	WuXi OTS Library_Solid Stock_135989cpds_260119.sdf	109897	27	364.40	3.03	2	5	102.51	6	3	27
CC(C)N(CCN)C(=O)Nc1ccc([N+](=O)[O-])cc1Cl	WXVL004____AK1165____YV0156	WuXi OTS Library_Solid Stock_135989cpds_260119.sdf	109898	20	300.75	2.45	2	4	101.50	5	1	20
CC(C)(C)NC(=O)c1cncc(-c2ccc(CN)cc2)c1	WXVL_BT0970LQ5141	WuXi OTS Library_Solid Stock_135989cpds_260119.sdf	110094	21	283.38	2.74	2	3	68.01	3	2	21
CC1(C)CC(N)CC(C)(C)N1C(=O)c1cccc(-c2cn[nH]c2)c1	WXVL_AK1486SD0893	WuXi OTS Library_Solid Stock_135989cpds_260119.sdf	110110	24	326.44	3.20	2	3	75.01	2	3	24
NCCOCCNC(=O)c1cccc(-c2ccc(C(F)(F)F)cc2)n1	WXVL_AK1773SC0864	WuXi OTS Library_Solid Stock_135989cpds_260119.sdf	110154	25	353.34	2.47	2	4	77.24	7	2	25
NCCOCCNC(=O)c1ccc(-c2ccc(C(F)(F)F)cc2)o1	WXVL_AK1773SC1127	WuXi OTS Library_Solid Stock_135989cpds_260119.sdf	110155	24	342.32	2.67	2	4	77.49	7	2	24
NCCc1cccc(NC(=O)c2csc(-c3ccc(Br)cc3)n2)c1	WXVL_AK4520SC0852	WuXi OTS Library_Solid Stock_135989cpds_260119.sdf	110323	24	402.32	4.33	2	4	68.01	5	3	24
NC1CCN(C(=S)Nc2ccc([N+](=O)[O-])cc2Cl)C1	WXVL006____AK1148____YL0064	WuXi OTS Library_Solid Stock_135989cpds_260119.sdf	110489	19	300.77	1.98	2	4	84.43	2	2	19
NC1CN(C(=S)Nc2ccc([N+](=O)[O-])cc2Cl)C1	WXVL006____AK1291____YL0064	WuXi OTS Library_Solid Stock_135989cpds_260119.sdf	110490	18	286.74	1.59	2	4	84.43	2	2	18
CC(Cc1ccc(Cl)cc1Cl)N1CCC(N)C1	WXVL012____AK1148____TA0757	WuXi OTS Library_Solid Stock_135989cpds_260119.sdf	110492	17	273.21	2.96	1	2	29.26	3	2	17
NC1CCN(C(=O)Nc2ccc([N+](=O)[O-])cc2Cl)C1	WXVL004____AK1148____YV0156	WuXi OTS Library_Solid Stock_135989cpds_260119.sdf	110494	19	284.70	1.81	2	4	101.50	2	2	19
Cn1cncc1-c1ccc(C[C@H](N)C(=O)O)cc1	WXVL_BT3599LQ0002	WuXi OTS Library_Solid Stock_135989cpds_260119.sdf	110622	18	245.28	1.04	2	4	81.14	4	2	18
NC1CN(C(=O)c2ccc(Cl)c(C(F)(F)F)c2)C1	WXVL001____AK1291____SD0544	WuXi OTS Library_Solid Stock_135989cpds_260119.sdf	110623	18	278.66	2.14	1	2	46.33	1	2	18
COc1ccc(C(=O)N(CCN)CCO)c(C)c1	WXVL001____AK0954____SD0101	WuXi OTS Library_Solid Stock_135989cpds_260119.sdf	110625	18	252.31	0.40	2	4	75.79	6	1	18
COc1ncc(Cl)cc1-c1n[nH]c2c1CN(C(=O)[C@@H](N)CN)CC2	WXDL_WXCD00142184BT1886SF026	WuXi OTS Library_Solid Stock_135989cpds_260119.sdf	110646	24	350.81	0.30	3	6	123.15	4	3	24
C[C@H](NC(=O)[C@@H]1CN(Cc2ccccc2)CC12CCN(C(=O)CNC(=N)N)CC2)c1cn[nH]c1	WXVL100____AKJ410____AC0787____WXCD00102952	WuXi OTS Library_Solid Stock_135989cpds_260119.sdf	110647	34	466.59	0.81	5	5	143.23	7	4	34
NC1CCN(S(=O)(=O)c2ccc(C(F)(F)F)cc2Cl)C1	WXVL003____AK1148____HU0189	WuXi OTS Library_Solid Stock_135989cpds_260119.sdf	110684	20	328.74	2.08	1	3	63.40	2	2	20
NC1(CNC(=O)c2ccc(C(F)(F)F)cc2Cl)CC1	WXVL001____AK5977____SD0480	WuXi OTS Library_Solid Stock_135989cpds_260119.sdf	110685	19	292.69	2.58	2	2	55.12	3	2	19
CC1(N)CN(S(=O)(=O)c2ccc([N+](=O)[O-])cc2Cl)C1	WXVL003____AK5588____HU0337	WuXi OTS Library_Solid Stock_135989cpds_260119.sdf	110686	19	305.74	0.97	1	5	106.54	3	2	19
CC1(N)CN(C(=O)c2ccc(C(F)(F)F)cc2Cl)C1	WXVL001____AK5588____SD0480	WuXi OTS Library_Solid Stock_135989cpds_260119.sdf	110687	19	292.69	2.53	1	2	46.33	1	2	19
NC1(CNC(=O)Nc2ccc([N+](=O)[O-])cc2Cl)CC1	WXVL004____AK5977____YV0156	WuXi OTS Library_Solid Stock_135989cpds_260119.sdf	110689	19	284.70	1.86	3	4	110.29	4	2	19
NCCN(CCO)C(=O)Nc1ccc([N+](=O)[O-])cc1Cl	WXVL004____AK0954____YV0156	WuXi OTS Library_Solid Stock_135989cpds_260119.sdf	110690	20	302.72	1.03	3	5	121.73	6	1	20
Cc1occ(C(F)(F)F)c1C(=O)Nc1cnn(C2CCN(C(=O)[C@@H](N)CN)CC2)c1	WXCD00609512_SC0278_SF026	WuXi OTS Library_Solid Stock_135989cpds_260119.sdf	110706	30	428.42	1.51	3	7	132.41	5	3	30
N#Cc1ccc(CS(=O)(=O)Nc2ccc(CN)c(C(F)(F)F)c2)cc1	WXVL_AK4025HU0161	WuXi OTS Library_Solid Stock_135989cpds_260119.sdf	110754	25	369.37	2.98	2	4	95.98	5	2	25
Cc1nocc1C(=O)Nc1cnn(C2CCN(C(=O)[C@@H](N)CN)CC2)c1	WXCD00609512_SC0100_SF026	WuXi OTS Library_Solid Stock_135989cpds_260119.sdf	110831	26	361.41	-0.12	3	8	145.30	5	3	26
NCCc1ccc(NC(=O)CCc2nc(-c3ccccc3)c(-c3ccccc3)o2)cc1	WXVL001____AK0931____SA0263	WuXi OTS Library_Solid Stock_135989cpds_260119.sdf	110834	31	411.51	5.08	2	4	81.15	8	4	31
NCc1c(F)cccc1NC(=O)c1ccc(OCCN2CCCCC2)cc1	WXVL_AK0951SD0793	WuXi OTS Library_Solid Stock_135989cpds_260119.sdf	110882	27	371.46	3.40	2	4	67.59	7	3	27
CC(C)N(CCN)C(=O)c1ccc(C(F)(F)F)cc1[N+](=O)[O-]	WXVL001____AK1165____SD0413	WuXi OTS Library_Solid Stock_135989cpds_260119.sdf	111077	22	319.28	2.42	1	4	89.47	5	1	22
NCCCCNC(=O)c1ccc(-c2ccc(OC(F)(F)F)cc2)o1	WXVL_AK1493SC1481	WuXi OTS Library_Solid Stock_135989cpds_260119.sdf	111112	24	342.32	3.31	2	4	77.49	7	2	24
COc1ccccc1N(C)C(=O)c1ncn2cc(NC(=O)CN)ccc12	WXVL100____AM0108____AC0736____WXCD00130263	WuXi OTS Library_Solid Stock_135989cpds_260119.sdf	111179	26	353.38	1.52	2	6	101.96	5	3	26
COc1ncc(C(=O)NC[C@@]23CCC[C@H]2CN(C(=O)[C@@H](N)CN)C3)cc1C	WXCD00111673_SC0128_SF026	WuXi OTS Library_Solid Stock_135989cpds_260119.sdf	111212	27	375.47	0.04	3	6	123.57	6	3	27
N=C(N)NCC(=O)N1CCC2(CC1)C(=O)NC[C@@H]2C(=O)NC1CCCC1	WXVL100____AK0003____AC0787____WXCD00100817	WuXi OTS Library_Solid Stock_135989cpds_260119.sdf	111227	26	364.45	-1.12	5	4	140.41	4	3	26
COc1ccc2cc(-c3cc(C(=O)NC[C@H](O)CN)[nH]n3)ccc2c1	WXVL_AK0590SC0762	WuXi OTS Library_Solid Stock_135989cpds_260119.sdf	111255	25	340.38	1.29	4	5	113.26	6	3	25
CN(CCN)CCNC(=O)c1cc(-c2ccc(C(F)(F)F)cc2)ccc1F	WXVL_AK4182SD0926	WuXi OTS Library_Solid Stock_135989cpds_260119.sdf	111343	27	383.39	3.13	2	3	58.36	7	2	27
NCCc1cccc(NC(=O)c2cc(-c3ccc([N+](=O)[O-])cc3)n[nH]2)c1	WXVL_AK4520SC0758	WuXi OTS Library_Solid Stock_135989cpds_260119.sdf	111346	26	351.37	2.74	3	5	126.94	6	3	26
CC[C@@H](C)[C@H](N)C(=O)N[C@]12CC[C@@](C(=O)N(C)C[C@@H](O)c3ccccc3)(CC1)CC2	WXCD00611741_AN3044_AC0926	WuXi OTS Library_Solid Stock_135989cpds_260119.sdf	111352	30	415.58	2.76	3	4	95.66	8	4	30
NCCN(CCO)S(=O)(=O)c1ccc([N+](=O)[O-])cc1Cl	WXVL003____AK0954____HU0337	WuXi OTS Library_Solid Stock_135989cpds_260119.sdf	111378	20	323.76	0.19	2	6	126.77	7	1	20
CN(CCN)CCNC(=O)c1cccc(-c2ccc(OC(F)(F)F)cc2)n1	WXVL_AK4182SC1480	WuXi OTS Library_Solid Stock_135989cpds_260119.sdf	111458	27	382.39	2.27	2	5	80.48	8	2	27
CC(C)N(CCN)S(=O)(=O)c1ccc([N+](=O)[O-])cc1Cl	WXVL003____AK1165____HU0337	WuXi OTS Library_Solid Stock_135989cpds_260119.sdf	111572	20	321.79	1.61	1	5	106.54	6	1	20
C[C@H](N)c1cccc(NC(=O)CCc2nc(-c3ccccc3)c(-c3ccccc3)o2)c1	WXVL001____AK3548____SA0263	WuXi OTS Library_Solid Stock_135989cpds_260119.sdf	111579	31	411.51	5.60	2	4	81.15	7	4	31
CC1(C)C2CN(C(=O)C[C@H]3CCCC34CN(C(=O)CN)C4)CC21	WXVL100____AN00115____AC0736____WXCD00102563	WuXi OTS Library_Solid Stock_135989cpds_260119.sdf	111597	23	319.45	1.08	1	3	66.64	3	4	23
NCCOCCNC(=O)c1csc(-c2cc(Cl)cc(Cl)c2)n1	WXVL_AK1773SC0750	WuXi OTS Library_Solid Stock_135989cpds_260119.sdf	111631	22	360.27	2.82	2	5	77.24	7	2	22
COc1ccc(C(=O)N2CCC(N)C2)c(C)c1	WXVL001____AK1148____SD0101	WuXi OTS Library_Solid Stock_135989cpds_260119.sdf	111689	17	234.30	1.18	1	3	55.56	2	2	17
COc1ccc(C(=O)NCC2(N)CC2)c(C)c1	WXVL001____AK5977____SD0101	WuXi OTS Library_Solid Stock_135989cpds_260119.sdf	111690	17	234.30	1.22	2	3	64.35	4	2	17
CC(Cc1ccc(Cl)cc1Cl)NC1CC(N)C1	WXVL012____AK3723____TA0757	WuXi OTS Library_Solid Stock_135989cpds_260119.sdf	111691	17	273.21	3.00	2	2	38.05	4	2	17
COc1ccc(C(=O)N2CC(N)C2)c(C)c1	WXVL001____AK1291____SD0101	WuXi OTS Library_Solid Stock_135989cpds_260119.sdf	111692	16	220.27	0.79	1	3	55.56	2	2	16
COc1ccc(C(=O)N2CC(C)(N)C2)c(C)c1	WXVL001____AK5588____SD0101	WuXi OTS Library_Solid Stock_135989cpds_260119.sdf	111694	17	234.30	1.18	1	3	55.56	2	2	17
CC1(N)CN(C(=S)Nc2ccc([N+](=O)[O-])cc2Cl)C1	WXVL006____AK5588____YL0064	WuXi OTS Library_Solid Stock_135989cpds_260119.sdf	111697	19	300.77	1.98	2	4	84.43	2	2	19
Cc1onc(-c2ccncn2)c1C(=O)N1CCC(OC2CCN(C(=O)CN)CC2)CC1	WXCD00180037_AC0736_SC00118	WuXi OTS Library_Solid Stock_135989cpds_260119.sdf	111741	31	428.49	1.01	1	8	127.68	5	4	31
Cc1onc(-c2ccncn2)c1C(=O)N1CC2CCCC(C1)N2C(=O)[C@@H](N)CN	WXCD00120663_SC00118_SF026	WuXi OTS Library_Solid Stock_135989cpds_260119.sdf	111743	29	399.46	-0.07	2	8	144.47	4	4	29
NCC(=O)N[C@H]1C[C@@H]2C[C@@H]1CN2C(=O)CCc1c[nH]c2ncccc12	WXCD00120470_SB2286_AC0736	WuXi OTS Library_Solid Stock_135989cpds_260119.sdf	111878	25	341.42	0.56	3	4	104.11	5	4	25
CN(CCN)CCNC(=O)c1cnn(-c2nc3cc(Cl)c(OC(F)(F)F)cc3[nH]2)c1	WXVL_AK4182SC1405	WuXi OTS Library_Solid Stock_135989cpds_260119.sdf	112052	30	445.83	1.92	3	7	114.09	8	3	30
NCCOCCNC(=O)c1cnn(-c2nc3cc(OC(F)(F)F)c(Cl)cc3[nH]2)c1	WXVL_AK1773SC1405	WuXi OTS Library_Solid Stock_135989cpds_260119.sdf	112053	29	432.79	2.01	3	7	120.08	8	3	29
NCCc1cccc(NC(=O)c2nn(-c3ccccc3)cc2[N+](=O)[O-])c1	WXVL_AK4520SC2105	WuXi OTS Library_Solid Stock_135989cpds_260119.sdf	112056	26	351.37	2.53	2	6	116.08	6	3	26
NC[C@@H](O)CNC(=O)c1ccc(-c2ccc([N+](=O)[O-])cc2)o1	WXVL_AK0590SC1292	WuXi OTS Library_Solid Stock_135989cpds_260119.sdf	112057	22	305.29	0.90	3	6	131.63	6	2	22
NC[C@H](N)C(=O)N1CCC(N2CCC(NC(=O)c3cc(-c4ccco4)no3)CC2)CC1	WXCD00170041_SC00091_SF026	WuXi OTS Library_Solid Stock_135989cpds_260119.sdf	112348	31	430.51	0.41	3	8	143.86	6	4	31
NC[C@@H](N)C(=O)N1CCN(C(=O)c2ccc3[nH]ncc3c2)CC12CC2	WXCD00100603_SF026_SE1630	WuXi OTS Library_Solid Stock_135989cpds_260119.sdf	112510	25	342.40	-0.33	3	5	121.34	3	4	25
CN(CCN)CCNC(=O)c1cc(-c2ccc(Br)cc2)nc2ccccc12	WXVL_AK4182SE0353	WuXi OTS Library_Solid Stock_135989cpds_260119.sdf	112553	27	427.35	3.28	2	4	71.25	7	3	27
COc1ccc2cc(-c3cc(C(=O)Nc4cccc(CCN)c4)n[nH]3)ccc2c1	WXVL_AK4520SC0762	WuXi OTS Library_Solid Stock_135989cpds_260119.sdf	112554	29	386.46	3.99	3	4	93.03	6	4	29
NCC(=O)NC1CC12CCN(C(=O)c1cc3n(n1)CCNC3=O)CC2	WXCD00100583_AC0736_SC0125	WuXi OTS Library_Solid Stock_135989cpds_260119.sdf	112658	25	346.39	-1.30	3	6	122.35	3	4	25
NCCOCCNC(=O)c1csc(-c2ccc(Br)cc2)n1	WXVL_AK1773SC0852	WuXi OTS Library_Solid Stock_135989cpds_260119.sdf	112719	21	370.27	2.28	2	5	77.24	7	2	21
Cc1nc(-c2ccc(C(F)(F)F)cc2)sc1C(=O)NCCN(C)CCN	WXVL_AK4182SC0421	WuXi OTS Library_Solid Stock_135989cpds_260119.sdf	112867	26	386.44	2.76	2	5	71.25	7	2	26
NC[C@H]1COc2ccccc2N1C(=O)c1nc(Br)cs1	WXVL_AK3950SC0687	WuXi OTS Library_Solid Stock_135989cpds_260119.sdf	112917	20	354.23	2.27	1	5	68.45	2	3	20
NC[C@H]1COc2ccccc2N1C(=O)c1cccc([N+](=O)[O-])n1	WXVL_AK3950SC0782	WuXi OTS Library_Solid Stock_135989cpds_260119.sdf	112918	23	314.30	1.36	1	6	111.59	3	3	23
CN(CCN)CCNC(=O)c1ccc(-c2ccc(Cl)cc2)o1	WXVL_AK4182SC0202	WuXi OTS Library_Solid Stock_135989cpds_260119.sdf	112942	22	321.81	2.22	2	4	71.50	7	2	22
NCC(=O)N1C[C@@H]2C[C@@H]1C[C@@H]2NC(=O)c1cc(Cl)nc2[nH]ncc12	WXCD00120470_AC0736_SC00065	WuXi OTS Library_Solid Stock_135989cpds_260119.sdf	113023	24	348.79	0.29	3	5	117.00	3	4	24
NC1CN(C(=O)c2cccc(C(F)(F)F)c2Cl)C1	WXVL001____AK1291____SD0133	WuXi OTS Library_Solid Stock_135989cpds_260119.sdf	113123	18	278.66	2.14	1	2	46.33	1	2	18
NCC1(NC(=S)Nc2ccc([N+](=O)[O-])cc2Cl)CC1	WXVL006____AK5977____YL0064	WuXi OTS Library_Solid Stock_135989cpds_260119.sdf	113124	19	300.77	2.03	3	4	93.22	4	2	19
CCOC(=O)Nc1ccc(NC(=O)C2CC(CN)C2)cc1	WXVL_AG1850SB5824	WuXi OTS Library_Solid Stock_135989cpds_260119.sdf	113131	21	291.35	2.18	3	4	93.45	5	2	21
NCc1c(F)cccc1NC(=O)CCc1nc(-c2ccccc2)c(-c2ccccc2)o1	WXVL001____AK0951____SA0263	WuXi OTS Library_Solid Stock_135989cpds_260119.sdf	113148	31	415.47	5.18	2	4	81.15	7	4	31
NCCc1ccc(NC(=O)c2nc(-c3ccccc3)oc2C(F)(F)F)cc1	WXVL_AK0931SC0436	WuXi OTS Library_Solid Stock_135989cpds_260119.sdf	113185	27	375.35	4.11	2	4	81.15	5	3	27
NC1CN(C(=O)c2ccc(Cl)cc2C(F)(F)F)C1	WXVL001____AK1291____SD0272	WuXi OTS Library_Solid Stock_135989cpds_260119.sdf	113254	18	278.66	2.14	1	2	46.33	1	2	18
CC(C)N(CCCN)c1ccc2cc[nH]c2n1	WXVL_AK1075LQ2346	WuXi OTS Library_Solid Stock_135989cpds_260119.sdf	113276	17	232.33	2.13	2	3	57.94	5	2	17
CC(C)c1ccccc1NC(=O)C1C2CCCC1CN(C(=O)[C@@H](N)CCC(N)=O)C2	WXCD00120258_AG0130_AC0748	WuXi OTS Library_Solid Stock_135989cpds_260119.sdf	113299	30	414.55	2.22	3	4	118.52	7	3	30
CC1(C)C=Cc2cc(NC(=O)c3csc([C@H]4CCCN4C(=O)[C@@H](N)CN)n3)ccc2O1	WXCD00161511_AG00052_SF026	WuXi OTS Library_Solid Stock_135989cpds_260119.sdf	113304	31	441.56	2.53	3	7	123.57	5	4	31
NC1(CNS(=O)(=O)c2ccc(C(F)(F)F)cc2[N+](=O)[O-])CC1	WXVL003____AK5977____HU0463	WuXi OTS Library_Solid Stock_135989cpds_260119.sdf	113336	22	339.29	1.38	2	5	115.33	5	2	22
NCCc1ccccc1-c1ccc2nn[nH]c2c1	WXVL_BT0979LQ3926	WuXi OTS Library_Solid Stock_135989cpds_260119.sdf	113527	18	238.29	2.13	2	3	67.59	3	3	18
COc1ccc(NC(=O)N(CCN)CCO)c(OC)c1	WXVL004____AK0954____YV0120	WuXi OTS Library_Solid Stock_135989cpds_260119.sdf	113754	20	283.33	0.49	3	5	97.05	7	1	20
N[C@@H](Cc1cccnc1)C(=O)N1CC2(CCCC2NC(=O)c2cc(I)ccc2Cl)C1	WXCD00102826_SD0410_SF044	WuXi OTS Library_Solid Stock_135989cpds_260119.sdf	113768	30	538.82	3.02	2	4	88.32	5	4	30
CSc1ncc(C#N)c(N(CCN)CCO)n1	WXVL013A____AK0954____LP0804	WuXi OTS Library_Solid Stock_135989cpds_260119.sdf	113800	17	253.33	-0.17	2	7	99.06	6	1	17
NCCOCCNC(=O)c1ccc(-c2ccc([N+](=O)[O-])cc2)o1	WXVL_AK1773SC1292	WuXi OTS Library_Solid Stock_135989cpds_260119.sdf	113830	23	319.32	1.56	2	6	120.63	8	2	23
Cc1cccc(C[C@H](NC(=O)OCC2c3ccccc3-c3ccccc32)C(=O)Nc2cccc(CN)c2)c1	WXVL_AK1273SB1634	WuXi OTS Library_Solid Stock_135989cpds_260119.sdf	113902	38	505.62	5.54	3	4	93.45	8	5	38
COc1ccc(N(C)C(=O)c2ncn3cc(NC(=O)CN)ccc23)cc1	WXVL100____AM0267____AC0736____WXCD00130263	WuXi OTS Library_Solid Stock_135989cpds_260119.sdf	114143	26	353.38	1.52	2	6	101.96	5	3	26
COc1ccc(CC(=O)N2CCc3ccc(CC(=O)Nc4nc5c(s4)C[C@@H](N)CC5)cc3C2)c(Br)c1	WXCD00610322_AK8027_SB4237	WuXi OTS Library_Solid Stock_135989cpds_260119.sdf	114225	36	569.53	4.04	2	6	97.55	6	5	36
CCOC(=O)c1cccc(-c2ccc(C[C@H](N)C(=O)O)cc2)c1C	WXVL_BT3599LQ4634	WuXi OTS Library_Solid Stock_135989cpds_260119.sdf	114298	24	327.38	2.79	2	4	89.62	6	2	24
CC(C)(NC(=O)c1ccc(Cl)s1)C(=O)N1CCc2cccc(C(=O)Nc3ccc(C(N)CCO)cc3)c2C1	WXCD00612173_AK00399_SA00096	WuXi OTS Library_Solid Stock_135989cpds_260119.sdf	114434	38	555.10	4.13	4	6	124.76	8	4	38
COc1ccc(C(=O)NCC(C)(C)N)c(C)c1	WXVL001____AK0767____SD0101	WuXi OTS Library_Solid Stock_135989cpds_260119.sdf	114461	17	236.31	1.47	2	3	64.35	4	1	17
CC(CN)CNC(=O)c1ccc(C(F)(F)F)cc1[N+](=O)[O-]	WXVL001____AK4218____SD0413	WuXi OTS Library_Solid Stock_135989cpds_260119.sdf	114462	21	305.26	1.94	2	4	98.26	5	1	21
Cc1cc(C(F)(F)F)ccc1C(=O)NC1CCCC1N	WXVL001____AK6646____SD1214	WuXi OTS Library_Solid Stock_135989cpds_260119.sdf	114463	20	286.30	2.62	2	2	55.12	2	2	20
Cc1ccccc1NC(=O)c1ccc2c(c1)C1CN(C(=O)CCC(N)C(N)=O)CC1NC2=O	WXCD00116126_AG0027_AC2348	WuXi OTS Library_Solid Stock_135989cpds_260119.sdf	114526	33	449.51	0.88	4	5	147.62	6	4	33
N[C@@H]1CCc2nc(NC(=O)CC3CC4(C3)CN(C(=O)[C@H]3CN(Cc5ccccn5)C[C@@H]3c3ccccc3)C4)sc2C1	WXCD00100322_AK8027_SA0654	WuXi OTS Library_Solid Stock_135989cpds_260119.sdf	114702	41	570.76	3.84	2	7	104.45	7	7	41
CC(C)(N)CNC(=O)c1ccc(C(F)(F)F)cc1[N+](=O)[O-]	WXVL001____AK0767____SD0413	WuXi OTS Library_Solid Stock_135989cpds_260119.sdf	114729	21	305.26	2.08	2	4	98.26	4	1	21
NCCN(CCO)S(=O)(=O)c1ccc(C(F)(F)F)cc1Cl	WXVL003____AK0954____HU0189	WuXi OTS Library_Solid Stock_135989cpds_260119.sdf	114791	21	346.76	1.30	2	4	83.63	6	1	21
NCc1ccc(-c2cnc3nccnc3c2)cc1	WXVL_BT0970LQ1300	WuXi OTS Library_Solid Stock_135989cpds_260119.sdf	114899	18	236.28	2.15	1	4	64.69	2	3	18
CN1CCO[C@H]([C@H](N)C(=O)[C@@H]2Cc3nccnc3CN2C(=O)[C@H]2CCCN2C(=O)OC(C)(C)C)C1	WXCD00143571_AK00170_SB1118	WuXi OTS Library_Solid Stock_135989cpds_260119.sdf	114911	35	488.59	0.36	1	9	131.19	4	4	35
NCC(=O)N1CCN(C(=O)c2ccnc3[nH]ccc23)C2(CC2)C1	WXCD00100603_SE1753_AC0736	WuXi OTS Library_Solid Stock_135989cpds_260119.sdf	114985	23	313.36	0.34	2	4	95.32	2	4	23
Cc1ccc2c(c1)C(N)CCCN2C(=O)Nc1ccccc1-c1ccccc1	WXVL_AK2852YV0147	WuXi OTS Library_Solid Stock_135989cpds_260119.sdf	115003	28	371.48	5.49	2	2	58.36	2	4	28
Cn1cc(C(=O)Nc2cnn(C3CCN(C(=O)[C@@H](N)CN)CC3)c2)cn1	WXCD00609512_SC0082_SF026	WuXi OTS Library_Solid Stock_135989cpds_260119.sdf	115011	26	360.42	-0.68	3	8	137.09	5	3	26
NCC(=O)N1CCN(C(=O)c2cc(Cl)nc3[nH]ncc23)C2(CC2)C1	WXCD00100603_SC00065_AC0736	WuXi OTS Library_Solid Stock_135989cpds_260119.sdf	115033	24	348.79	0.39	2	5	108.21	2	4	24
NCCOCCNC(=O)c1cc(-c2ccc(C(F)(F)F)cc2)ccc1F	WXVL_AK1773SD0926	WuXi OTS Library_Solid Stock_135989cpds_260119.sdf	115125	26	370.35	3.22	2	3	64.35	7	2	26
NCCc1ccc(NC(=O)c2csc(-c3ccc(F)cc3)n2)cc1	WXVL_AK0931SC0749	WuXi OTS Library_Solid Stock_135989cpds_260119.sdf	115174	24	341.41	3.70	2	4	68.01	5	3	24
NC1CN(S(=O)(=O)c2ccc(C(F)(F)F)cc2Cl)C1	WXVL003____AK1291____HU0189	WuXi OTS Library_Solid Stock_135989cpds_260119.sdf	115322	19	314.72	1.69	1	3	63.40	2	2	19
CC1(N)CN(S(=O)(=O)c2ccc(C(F)(F)F)cc2[N+](=O)[O-])C1	WXVL003____AK5588____HU0463	WuXi OTS Library_Solid Stock_135989cpds_260119.sdf	115323	22	339.30	1.34	1	5	106.54	3	2	22
NC1CCN(S(=O)(=O)c2ccc(C(F)(F)F)cc2[N+](=O)[O-])C1	WXVL003____AK1148____HU0463	WuXi OTS Library_Solid Stock_135989cpds_260119.sdf	115401	22	339.30	1.34	1	5	106.54	3	2	22
COc1cc([N+](=O)[O-])ccc1NC(=S)N1CC(C)(N)C1	WXVL006____AK5588____YL0085	WuXi OTS Library_Solid Stock_135989cpds_260119.sdf	115402	20	296.35	1.33	2	5	93.66	3	2	20
NCC(=O)N1CCC2(CCC2NC(=O)c2cc3cn[nH]c3cn2)CC1	WXCD00100333_SE0667_AC0736	WuXi OTS Library_Solid Stock_135989cpds_260119.sdf	115517	25	342.40	0.42	3	5	117.00	3	4	25
NCC(=O)N[C@H]1C[C@@H]2C[C@@H]1CN2C(=O)CCc1cnc2[nH]ccc2c1	WXCD00120470_SB7012_AC0736	WuXi OTS Library_Solid Stock_135989cpds_260119.sdf	115704	25	341.42	0.56	3	4	104.11	5	4	25
Cc1onc(-c2ccncn2)c1C(=O)N1CC[C@H]2CN(C(=O)[C@@H](N)CN)CC[C@H]21	WXCD00110070_SC00118_SF026	WuXi OTS Library_Solid Stock_135989cpds_260119.sdf	115765	29	399.46	-0.21	2	8	144.47	4	4	29
NCc1ccc(-c2cncc(C(N)=O)c2)cc1	WXVL_BT0970LQ1675	WuXi OTS Library_Solid Stock_135989cpds_260119.sdf	115779	17	227.27	1.31	2	3	82.00	3	2	17
Cc1noc(C)c1C(=O)Nc1cnn(C2CCN(C(=O)[C@@H](N)CN)CC2)c1	WXCD00609512_SC0068_SF026	WuXi OTS Library_Solid Stock_135989cpds_260119.sdf	115884	27	375.43	0.19	3	8	145.30	5	3	27
CN(CCN)CCNC(=O)c1ccc(-c2ccc([N+](=O)[O-])cc2)o1	WXVL_AK4182SC1292	WuXi OTS Library_Solid Stock_135989cpds_260119.sdf	115894	24	332.36	1.48	2	6	114.64	8	2	24
Cc1cc(C(F)(F)F)ccc1C(=O)NCC(C)(C)N	WXVL001____AK0767____SD1214	WuXi OTS Library_Solid Stock_135989cpds_260119.sdf	115927	19	274.29	2.48	2	2	55.12	3	1	19
Cc1nccc(C(=O)Nc2cnn(C3CCN(C(=O)[C@@H](N)CN)CC3)c2)n1	WXCD00609512_SC0296_SF026	WuXi OTS Library_Solid Stock_135989cpds_260119.sdf	116095	27	372.43	-0.32	3	8	145.05	5	3	27
COc1ccc2cc(-c3cc(C(=O)Nc4cccc(CN)c4)n[nH]3)ccc2c1	WXVL_AK1273SC0762	WuXi OTS Library_Solid Stock_135989cpds_260119.sdf	116110	28	372.43	3.95	3	4	93.03	5	4	28
NCC(O)CNC(=O)c1ccc(C(F)(F)F)cc1[N+](=O)[O-]	WXVL001____AK0590____SD0413	WuXi OTS Library_Solid Stock_135989cpds_260119.sdf	116206	21	307.23	0.66	3	5	118.49	5	1	21
Cc1cc(C(F)(F)F)ccc1C(=O)NC1CC(N)C1	WXVL001____AK3723____SD1214	WuXi OTS Library_Solid Stock_135989cpds_260119.sdf	116207	19	272.27	2.23	2	2	55.12	2	2	19
NC1CN(C(=O)c2cc(C(F)(F)F)ccc2Cl)C1	WXVL001____AK1291____SD0121	WuXi OTS Library_Solid Stock_135989cpds_260119.sdf	116209	18	278.66	2.14	1	2	46.33	1	2	18
CC(NC(=O)c1cnn2c1CN(C(=O)CCC(N)C(N)=O)CC2)c1cc(F)cc(F)c1	WXCD00141189_AK00118_AC2348	WuXi OTS Library_Solid Stock_135989cpds_260119.sdf	116240	31	434.45	0.59	3	6	136.34	7	3	31
NCCCCNC(=O)c1cc(-c2ccc([N+](=O)[O-])cc2)n[nH]1	WXVL_AK1493SC0758	WuXi OTS Library_Solid Stock_135989cpds_260119.sdf	116261	22	303.32	1.45	3	5	126.94	7	2	22
Cc1n[nH]cc1C(=O)N1CCC2(CC1)CC2NC(=O)CN	WXCD00100583_AC0736_SC2225	WuXi OTS Library_Solid Stock_135989cpds_260119.sdf	116299	21	291.36	-0.21	3	4	104.11	3	3	21
CN(CCN)CCNC(=O)c1ccc(-c2ccc(OC(F)(F)F)cc2)o1	WXVL_AK4182SC1481	WuXi OTS Library_Solid Stock_135989cpds_260119.sdf	116359	26	371.36	2.47	2	5	80.73	8	2	26
NC1CN(C(=O)c2ccc(C(F)(F)F)cc2Cl)C1	WXVL001____AK1291____SD0480	WuXi OTS Library_Solid Stock_135989cpds_260119.sdf	116454	18	278.66	2.14	1	2	46.33	1	2	18
CN(C)c1cc(NC(=O)CC2(N)CCC2)c2ccccc2n1	WXCD00301103_AF2686	WuXi OTS Library_Solid Stock_135989cpds_260119.sdf	116978	22	298.39	2.51	2	4	71.25	4	3	22
NC1CN(c2ccnc(N3CCCCC3)n2)CC12CC2	WXCD00100627_LP2263	WuXi OTS Library_Solid Stock_135989cpds_260119.sdf	117031	20	273.38	1.39	1	5	58.28	2	4	20
NC(=O)[C@@H](N)CCC(=O)N1CC2(CN(Cc3ccccc3)CC2C(=O)N2Cc3cccnc3C2)C1	WXCD00102261_AN0128_AC2348	WuXi OTS Library_Solid Stock_135989cpds_260119.sdf	117260	35	476.58	0.48	2	6	125.86	7	5	35
Cc1c(C(=O)N2CC3CCC2CN3C(=O)[C@@H](N)CN)nnn1-c1ccc(C2CC2)cc1Cl	WXCD00120062_SC00059_SF026	WuXi OTS Library_Solid Stock_135989cpds_260119.sdf	117346	32	457.97	1.21	2	7	123.37	5	6	32
Cc1c(F)cccc1NC(=O)C1CC2(CC(N)C2)C1	WXCD00306829_AG0036	WuXi OTS Library_Solid Stock_135989cpds_260119.sdf	117433	19	262.33	2.59	2	2	55.12	2	3	19
Cc1ccc2[nH]cc(CC(=O)N3CCC(F)(F)C(N)C3)c2c1	LN01477175_SA0060	WuXi OTS Library_Solid Stock_135989cpds_260119.sdf	117438	22	307.34	2.21	2	2	62.12	2	3	22
NC(C(=O)N1CC2(CCCN2C(=O)c2cc3cc(F)c(F)cc3[nH]2)C1)c1cccc(Cl)c1	WXCD00100142_SE0219_AC2118	WuXi OTS Library_Solid Stock_135989cpds_260119.sdf	117485	32	458.90	3.62	2	3	82.43	3	5	32
NC1(c2ccc(-c3cccc4ncnn34)cc2)CCC1	LN00199670_BT0369	WuXi OTS Library_Solid Stock_135989cpds_260119.sdf	117752	20	264.33	2.73	1	4	56.21	2	4	20
Cc1ccc2[nH]c(C(=O)NC[C@H]3OC[C@@H]4CCN(C(=O)C(C)CN)C[C@H]43)cc2c1	WXCD00111177_SE0057_AC0641	WuXi OTS Library_Solid Stock_135989cpds_260119.sdf	118143	29	398.51	1.66	3	4	100.45	5	4	29
C[C@@H](N)c1ccc(-c2ccncc2C#N)cc1	LN00338518_BT0895	WuXi OTS Library_Solid Stock_135989cpds_260119.sdf	118427	17	223.28	2.64	1	3	62.70	2	2	17
Cc1cccc2[nH]c(C(=O)NC3CC(N)C3)nc12	WXCD00604577_SE0513	WuXi OTS Library_Solid Stock_135989cpds_260119.sdf	118428	18	244.30	1.09	3	3	83.80	2	3	18
NC1CN(C(=O)c2ccc3[nH]nc(C(F)(F)F)c3c2)CC12CC2	WXCD00100627_SE1217	WuXi OTS Library_Solid Stock_135989cpds_260119.sdf	118430	23	324.31	2.15	2	3	75.01	1	4	23
NC1(CC(=O)Nc2cccc3c2CCO3)CCC1	WXCD00301103_AG1636	WuXi OTS Library_Solid Stock_135989cpds_260119.sdf	118435	18	246.31	1.83	2	3	64.35	3	3	18
COc1ccc(C(=O)N2CCC(F)(F)C(N)C2)s1	LN01477175_SC1134	WuXi OTS Library_Solid Stock_135989cpds_260119.sdf	118441	18	276.31	1.57	1	4	55.56	2	2	18
NC(C(=O)N1CC2(CCCN2C(=O)c2cc(-c3ccccn3)[nH]n2)C1)c1cccc(Cl)c1	WXCD00100142_SC0490_AC2118	WuXi OTS Library_Solid Stock_135989cpds_260119.sdf	118472	32	450.93	2.64	2	5	108.21	4	5	32
Cc1ccc(Cl)cc1NC(=O)N1CCc2c(C(=O)N(CCN)C(C)(C)C)n[nH]c2C1	WXDL_LN00173533_AKF234_YV0123	WuXi OTS Library_Solid Stock_135989cpds_260119.sdf	118555	30	432.96	3.16	3	4	107.35	4	3	30
Cc1cc(-c2ccc(C3(N)CCC3)cc2)n[nH]1	LN00199670_BT1880	WuXi OTS Library_Solid Stock_135989cpds_260119.sdf	118725	17	227.31	2.72	2	2	54.70	2	3	17
NCc1cc(C(=O)Nc2ccc3nc(Cl)sc3c2)ccn1	WXCD00265364_AG1188	WuXi OTS Library_Solid Stock_135989cpds_260119.sdf	118974	21	318.79	3.06	2	5	80.90	3	3	21
N[C@@H](CCO)c1ccc(NC(=O)[C@H]2C[C@H]3OCC[C@@H]3N(C(=O)C[C@H]3COc4ccccc4O3)C2)cc1	WXCD00111294_AK00399_SBB469	WuXi OTS Library_Solid Stock_135989cpds_260119.sdf	119051	36	495.58	2.24	3	7	123.35	7	5	36
CC(C(=O)N1CCC2(CCCN2C(=O)c2ccccc2C2CC2)CC1)C1SC(N)=NC1=O	WXCD00100094_SF053_SD0141	WuXi OTS Library_Solid Stock_135989cpds_260119.sdf	119053	32	454.60	2.75	1	5	96.07	4	5	32
NC1CN(C(=O)c2ccc(NC(=O)c3ccccc3)cc2)CCC1(F)F	LN01477175_SD0376	WuXi OTS Library_Solid Stock_135989cpds_260119.sdf	119253	26	359.38	2.75	2	3	75.43	3	3	26
Cc1snc2sc(C(=O)N3CCC[C@H](CN)C3)cc12	WXCD00903745_SC00090	WuXi OTS Library_Solid Stock_135989cpds_260119.sdf	119256	19	295.43	2.48	1	5	59.22	2	3	19
Cc1ccnc(N2CCCC[C@H]2CN)n1	WXCD00192581_LP0007	WuXi OTS Library_Solid Stock_135989cpds_260119.sdf	119257	15	206.29	1.10	1	4	55.04	2	2	15
NC1(CC(=O)NCc2csc3ccccc23)CCC1	WXCD00301103_AK3951	WuXi OTS Library_Solid Stock_135989cpds_260119.sdf	119258	19	274.39	2.79	2	3	55.12	4	3	19
NC1CN(C(=O)c2ccc3nc(Cl)sc3c2)CC12CC2	WXCD00100627_SE0386	WuXi OTS Library_Solid Stock_135989cpds_260119.sdf	119462	20	307.81	2.51	1	4	59.22	1	4	20
N[C@@H]1CCCC[C@@H]1C(=O)NCCn1cccc1	WXCD00198547_AK1188	WuXi OTS Library_Solid Stock_135989cpds_260119.sdf	119463	17	235.33	1.12	2	3	60.05	4	2	17
NCC(C(=O)N1CCC(c2cccc(-c3ccccc3O)c2)CC1)c1ccccc1	WXDL_WXCD00908905BT1646AC4147	WuXi OTS Library_Solid Stock_135989cpds_260119.sdf	119847	30	400.52	4.51	2	3	66.56	5	4	30
COc1ccc(C2=CCN(C(=O)C3CCC(N)CC3)CC2)cc1	WXCD00307074_AN00683	WuXi OTS Library_Solid Stock_135989cpds_260119.sdf	119932	23	314.43	2.83	1	3	55.56	3	3	23
COc1ncncc1-c1ccc(C2(N)CCC2)cc1	LN00199670_BT0545	WuXi OTS Library_Solid Stock_135989cpds_260119.sdf	119940	19	255.32	2.49	1	4	61.03	3	3	19
NC(=O)[C@@H](N)CCC(=O)N1CCC2(COCCN2C(=O)c2cc(=O)c3ccccc3o2)C1	WXCD00100546_SB0503_AC2348	WuXi OTS Library_Solid Stock_135989cpds_260119.sdf	119989	32	442.47	-0.17	2	7	149.17	5	4	32
NC(CC(=O)NCC1CC2(CCN(C(=O)C34CC(c5ccccc5)(C3)C4)CC2)CO1)c1cccnc1	WXCD00102799_AC4230_SB0775	WuXi OTS Library_Solid Stock_135989cpds_260119.sdf	120284	36	488.63	3.11	2	5	97.55	7	7	36
Cc1cc(C(=O)Nc2ccccc2C(=O)NC2CC(N)C2)c(C)o1	WXCD00604577_SD00112	WuXi OTS Library_Solid Stock_135989cpds_260119.sdf	120346	24	327.38	2.37	3	4	97.36	4	3	24
COc1cc(N2CCC(F)(F)C(N)C2)ncn1	LN01477175_LP0072	WuXi OTS Library_Solid Stock_135989cpds_260119.sdf	120347	17	244.24	0.66	1	5	64.27	2	2	17
Cc1nnc2n1CCN(C(=O)C1CN(Cc3ccccc3)CC13CN(C(=O)CC[C@@H](N)C(N)=O)C3)C2	WXCD00102261_AN2739_AC2348	WuXi OTS Library_Solid Stock_135989cpds_260119.sdf	120480	36	494.60	-0.52	2	8	143.68	7	5	36
N[C@@H](C(=O)N1CCc2c(cccc2-c2ccc3cc(O)ccc3c2)C1)c1cccc(Cl)c1	WXDL_WXCD00142046BT1123AC2118	WuXi OTS Library_Solid Stock_135989cpds_260119.sdf	120502	32	442.95	5.45	2	3	66.56	3	5	32
NCC1CCCCN1S(=O)(=O)CCc1ccccc1	WXCD00604308_HU0137	WuXi OTS Library_Solid Stock_135989cpds_260119.sdf	120581	19	282.41	1.37	1	3	63.40	5	2	19
NC1(CC(=O)Nc2ccc(C(F)(F)F)c3cccnc23)CCC1	WXCD00301103_AG5254	WuXi OTS Library_Solid Stock_135989cpds_260119.sdf	120584	23	323.32	3.46	2	3	68.01	3	3	23
CC(C)c1ccc(NC(=O)c2n[nH]c3c2CN(C(=O)CCCN)C3)cc1	WXCD00140009_AG0071_SB0538	WuXi OTS Library_Solid Stock_135989cpds_260119.sdf	120619	26	355.44	2.37	3	4	104.11	6	3	26
COc1nccc(C)c1-c1ccc([C@@H](C)N)cc1	LN00338518_BT2567	WuXi OTS Library_Solid Stock_135989cpds_260119.sdf	120747	18	242.32	3.09	1	3	48.14	3	2	18
CC(C(=O)N1CC2(CCCN2C(=O)c2ccc3c(cnn3C)c2)C1)C1SC(N)=NC1=O	WXCD00100142_SE0164_SF053	WuXi OTS Library_Solid Stock_135989cpds_260119.sdf	120853	31	440.53	0.98	1	7	113.89	3	5	31
NC(C(=O)N1CC2(CCCN2C(=O)c2cnc(-c3ccccn3)nc2)C1)c1cccc(Cl)c1	WXCD00100142_SC1052_AC2118	WuXi OTS Library_Solid Stock_135989cpds_260119.sdf	120990	33	462.94	2.71	1	6	105.31	4	5	33
NCc1ccc(-c2ccc(C(=O)Nc3ccc(F)cc3)cc2)nc1	LN00244457_BT4099	WuXi OTS Library_Solid Stock_135989cpds_260119.sdf	121234	24	321.36	3.60	2	3	68.01	4	3	24
Cc1cc(F)cc(NC(=O)c2ccc(CCN)cc2)c1	WXCD00282838_AG1107	WuXi OTS Library_Solid Stock_135989cpds_260119.sdf	121237	20	272.32	2.89	2	2	55.12	4	2	20
CN(C)S(=O)(=O)c1ccc(Cl)c(NC(=O)[C@H]2CCC[C@H]2N)c1	WXCD01000773_AG6011	WuXi OTS Library_Solid Stock_135989cpds_260119.sdf	121240	22	345.85	1.66	2	4	92.50	4	2	22
NC(=O)[C@@H](N)CCC(=O)N1CC[C@@H]2[C@@H]1CCN2C(=O)C1COc2ccccc2O1	WXCD00110007_SB1551_AC2348	WuXi OTS Library_Solid Stock_135989cpds_260119.sdf	121518	29	402.45	-0.38	2	6	128.19	5	4	29
Cn1c(C(=O)N2CCO[C@@H]3CN(C(=O)CC[C@H](N)C(N)=O)C[C@@H]32)cc2ccccc21	WXCD00110022_SE0003_AC2348	WuXi OTS Library_Solid Stock_135989cpds_260119.sdf	121519	30	413.48	-0.18	2	6	123.89	5	4	30
CC(CN)C(=O)N1CCC2(CC(NC(=O)C(C)n3ccnc3)C2)C1	WXCD00102789_SA0507_AC0641	WuXi OTS Library_Solid Stock_135989cpds_260119.sdf	121548	24	333.44	0.54	2	5	93.25	5	3	24
N[C@@H]1CCCC[C@@H]1C(=O)Nc1cccc2cc[nH]c12	WXCD00198547_AG2633	WuXi OTS Library_Solid Stock_135989cpds_260119.sdf	121858	19	257.34	2.62	3	2	70.91	2	3	19
CC(C)c1ccc(NC(=O)c2n[nH]c3c2CN(C(=O)C(O)CN)C3)cc1	WXCD00140009_AG0071_SB3642	WuXi OTS Library_Solid Stock_135989cpds_260119.sdf	121995	26	357.41	0.95	4	5	124.34	5	3	26
NC1(c2ccc(-c3ccccn3)cc2)CCC1	LN00199670_BT0424	WuXi OTS Library_Solid Stock_135989cpds_260119.sdf	122045	17	224.31	3.09	1	2	38.91	2	3	17
NCC1CCCCN1c1ccnc(-c2ccccc2)n1	WXCD00604308_LP0442	WuXi OTS Library_Solid Stock_135989cpds_260119.sdf	122440	20	268.36	2.46	1	4	55.04	3	3	20
CC(C)(C)C1CCN(C(=O)C2CN(Cc3ccccc3)CC23CN(C(=O)CC[C@@H](N)C(N)=O)C3)CC1	WXCD00102261_AN0283_AC2348	WuXi OTS Library_Solid Stock_135989cpds_260119.sdf	122479	36	497.68	1.82	2	5	112.97	7	4	36
Cc1ccc2c(c1)C1(CCN(C(=O)C(C)CN)CC1)CN2C(=O)c1cccc(F)c1C	WXCD00105008_AC0641_SD0123	WuXi OTS Library_Solid Stock_135989cpds_260119.sdf	122764	31	423.53	3.56	1	3	66.64	3	4	31
Cc1cc(C(=O)N2CCC(F)(F)C(N)C2)c(C)[nH]1	LN01477175_SC0432	WuXi OTS Library_Solid Stock_135989cpds_260119.sdf	122915	18	257.28	1.44	2	2	62.12	1	2	18
C[C@@H](N)c1ccc(-c2ccc(F)cn2)cc1	LN00338518_BT0922	WuXi OTS Library_Solid Stock_135989cpds_260119.sdf	122917	16	216.26	2.91	1	2	38.91	2	2	16
CN(CCN)CCNC(=O)C(F)(F)c1ccccc1	WXVL_AK4182_SB1457	WuXi OTS Library_Solid Stock_135989cpds_260119.sdf	123183	19	271.31	0.79	2	3	58.36	7	1	19
CC(C(=O)N1CC2(CCCN2C(=O)c2cc(-c3cc[nH]n3)n3ccccc23)C1)C1SC(N)=NC1=O	WXCD00100142_SE0201_SF053	WuXi OTS Library_Solid Stock_135989cpds_260119.sdf	123204	35	491.58	1.74	2	7	129.16	4	6	35
NC(=O)[C@@H](N)CCC(=O)N1CC2(CN(Cc3ccccc3)CC2C(=O)NC23CC(F)(C2)C3)C1	WXCD00102261_AK00111_AC2348	WuXi OTS Library_Solid Stock_135989cpds_260119.sdf	123206	33	457.55	0.30	3	5	121.76	8	6	33
CC(C)(O)[C@@H]1CCN(C(=O)C2CN(Cc3ccccc3)CC23CN(C(=O)CC[C@H](N)C(N)=O)C3)C1	WXCD00102261_AN00189_AC2348	WuXi OTS Library_Solid Stock_135989cpds_260119.sdf	123211	35	485.63	0.16	3	6	133.20	8	4	35
CC(C)(C)N(CCN)C(=O)c1cc2c(s1)CCN(C(=O)c1cc3cc(Br)ccc3s1)C2	WXCD001_AKF234_LN00159494_SE0385	WuXi OTS Library_Solid Stock_135989cpds_260119.sdf	123333	31	520.52	5.12	1	5	66.64	4	4	31
NCc1ccc(-c2cccc(C3CC3)c2)nc1	LN00244457_BT0513	WuXi OTS Library_Solid Stock_135989cpds_260119.sdf	124123	17	224.31	3.08	1	2	38.91	3	3	17
C[C@@H](N)c1ccc(-c2ccc3ncsc3c2)cc1	LN00338518_BT0243	WuXi OTS Library_Solid Stock_135989cpds_260119.sdf	124125	18	254.36	3.98	1	3	38.91	2	3	18
Cc1c2cccc(NC(=O)[C@H]3CCCC[C@H]3N)c2nn1C	WXCD00198547_AG00248	WuXi OTS Library_Solid Stock_135989cpds_260119.sdf	124127	21	286.38	2.34	2	4	72.94	2	3	21
CN1CCc2cc(C(=O)NC3CC(N)C3)ccc21	WXCD00604577_SE0138	WuXi OTS Library_Solid Stock_135989cpds_260119.sdf	124131	18	245.33	0.90	2	3	58.36	2	3	18
NC1CC(NC(=O)Cc2ccc3c(c2)CCC3)C1	WXCD00604577_SB1558	WuXi OTS Library_Solid Stock_135989cpds_260119.sdf	124135	18	244.34	1.32	2	2	55.12	3	3	18
NC[C@H]1CN(C(=O)c2cc3cc(F)c(F)cc3[nH]2)CCO1	WXCD01003804_SE0219	WuXi OTS Library_Solid Stock_135989cpds_260119.sdf	124138	21	295.29	1.25	2	3	71.35	2	3	21
NCCc1ccc(C(=O)N2Cc3cccc(F)c3C2)cc1	WXCD00282838_AN3005	WuXi OTS Library_Solid Stock_135989cpds_260119.sdf	124139	21	284.33	2.48	1	2	46.33	3	3	21
NCCc1ccc(C(=O)Nc2ccc3c(c2)OC(F)(F)O3)cc1	WXCD00282838_AG0515	WuXi OTS Library_Solid Stock_135989cpds_260119.sdf	124143	23	320.30	2.76	2	4	73.58	4	3	23
C[C@@H](N)c1ccc(-c2ccc3c(c2)COC3=O)cc1	LN00338518_BT0325	WuXi OTS Library_Solid Stock_135989cpds_260119.sdf	124153	19	253.30	3.04	1	3	52.32	2	3	19
Cc1nn(C)c2cc(-c3ccc(CN)cn3)ccc12	LN00244457_BT2647	WuXi OTS Library_Solid Stock_135989cpds_260119.sdf	124156	19	252.32	2.40	1	4	56.73	2	3	19
NCc1ccc(-c2cc(F)c(F)c(N3CCOCC3)c2)nc1	LN00244457_BT0263	WuXi OTS Library_Solid Stock_135989cpds_260119.sdf	124158	22	305.33	2.32	1	4	51.38	3	3	22
NC1CN(C(=O)Nc2ccccc2-c2ccccc2)CCC1(F)F	LN01477175_YV0147	WuXi OTS Library_Solid Stock_135989cpds_260119.sdf	124159	24	331.37	3.55	2	2	58.36	2	3	24
COc1cccc2[nH]cc(C(=O)N3CCC(F)(F)C(N)C3)c12	LN01477175_SE0979	WuXi OTS Library_Solid Stock_135989cpds_260119.sdf	124165	22	309.32	1.99	2	3	71.35	2	3	22
Cc1nc2cc(C(=O)N3CCC(F)(F)C(N)C3)ccc2s1	LN01477175_SE0142	WuXi OTS Library_Solid Stock_135989cpds_260119.sdf	124166	21	311.36	2.41	1	4	59.22	1	3	21
NCCc1ccc(C(=O)Nc2ccc3nonc3c2)cc1	WXCD00282838_AG00114	WuXi OTS Library_Solid Stock_135989cpds_260119.sdf	124169	21	282.30	1.98	2	5	94.04	4	3	21
Cc1cc2cccc(-c3ccc(CN)cn3)c2[nH]1	LN00244457_BT0510	WuXi OTS Library_Solid Stock_135989cpds_260119.sdf	124170	18	237.31	3.00	2	2	54.70	2	3	18
CC[C@H](NC(=O)c1ccnc(CN)c1)c1ccc(C)o1	WXCD00265364_AK00688	WuXi OTS Library_Solid Stock_135989cpds_260119.sdf	124183	20	273.34	2.32	2	4	81.15	5	2	20
NC1CN(C(=O)c2cccc3nc[nH]c23)CCC1(F)F	LN01477175_SE0045	WuXi OTS Library_Solid Stock_135989cpds_260119.sdf	124188	20	280.28	1.37	2	3	75.01	1	3	20
NCc1ccc(-c2cccc3sccc23)nc1	LN00244457_BT5768	WuXi OTS Library_Solid Stock_135989cpds_260119.sdf	124227	17	240.33	3.42	1	3	38.91	2	3	17
COc1ccc2ccccc2c1C(=O)NC1CC(N)C1	WXCD00604577_SE1114	WuXi OTS Library_Solid Stock_135989cpds_260119.sdf	124235	20	270.33	2.07	2	3	64.35	3	3	20
COc1ccc(Cn2cc(CC(=O)N3CCC(F)(F)C(N)C3)cn2)cc1	LN01477175_SA0097	WuXi OTS Library_Solid Stock_135989cpds_260119.sdf	124239	26	364.40	1.68	1	5	73.38	5	3	26
NC1(CC(=O)Nc2cccc(-c3cnco3)c2)CCC1	WXCD00301103_AG0805	WuXi OTS Library_Solid Stock_135989cpds_260119.sdf	124241	20	271.32	2.55	2	4	81.15	4	3	20
CC(C)(C)n1cc(NC(=O)[C@H]2CCCC[C@H]2N)cn1	WXCD00198547_AF0569	WuXi OTS Library_Solid Stock_135989cpds_260119.sdf	124242	19	264.37	2.09	2	4	72.94	2	2	19
NC1CC(C(=O)N2CCN(c3nsc4ccccc34)CC2)C1	WXCD00904111_AN00473	WuXi OTS Library_Solid Stock_135989cpds_260119.sdf	124244	22	316.43	1.68	1	5	62.46	2	4	22
CC1OCC2(CCN(C(=O)c3cc4occ(-c5cccnc5)c4[nH]3)CC2)C1N	WXVL021_AN00752_SC00098	WuXi OTS Library_Solid Stock_135989cpds_260119.sdf	124442	28	380.45	2.79	2	5	97.38	2	5	28
NC1CN(C(=O)Cn2cnc3ccccc32)CCC1(F)F	LN01477175_SB7755	WuXi OTS Library_Solid Stock_135989cpds_260119.sdf	124641	21	294.30	1.23	1	4	64.15	2	3	21
CC(C(=O)N1CCC2(CCCN2C(=O)c2cc3ccsc3[nH]2)CC1)C1SC(N)=NC1=O	WXCD00100094_SF053_SE0791	WuXi OTS Library_Solid Stock_135989cpds_260119.sdf	124912	31	459.60	2.42	2	6	111.86	3	5	31
COc1ccc(C(=O)N2CCCC23CCN(C(=O)C(C)C2SC(N)=NC2=O)CC3)c(C)c1	WXCD00100094_SF053_SD0101	WuXi OTS Library_Solid Stock_135989cpds_260119.sdf	125168	32	458.58	2.19	1	6	105.30	4	4	32
NC1(c2ccc(-c3cncn3C3CCCCO3)cc2)CCC1	LN00199670_BT0257	WuXi OTS Library_Solid Stock_135989cpds_260119.sdf	125646	22	297.40	3.59	1	4	53.07	3	4	22
COc1ccc(CC(=O)N2CCCC3(CCN(C(=O)CC[C@H](N)C(N)=O)CC3)C2)c(Cl)c1	WXCD00102748_SB1606_AC2348	WuXi OTS Library_Solid Stock_135989cpds_260119.sdf	126121	32	464.99	1.72	2	5	118.96	7	3	32
N[C@@H]1CCC[C@H]1C(=O)NCc1c(F)ccc2c1CCO2	WXCD02007136_AK00792	WuXi OTS Library_Solid Stock_135989cpds_260119.sdf	126155	20	278.33	1.50	2	3	64.35	3	3	20
NCc1cc(C(=O)NCc2cccc3c2OC(F)(F)O3)ccn1	WXCD00265364_AK2087	WuXi OTS Library_Solid Stock_135989cpds_260119.sdf	126159	23	321.28	1.79	2	5	86.47	4	3	23
NCc1ccc(-c2cccc3ccoc23)nc1	LN00244457_BT3592	WuXi OTS Library_Solid Stock_135989cpds_260119.sdf	126162	17	224.26	2.95	1	3	52.05	2	3	17
CC[C@@H](NC(=O)C1CC(N)C1)c1ccc(C)o1	WXCD00904111_AK00718	WuXi OTS Library_Solid Stock_135989cpds_260119.sdf	126171	17	236.31	1.89	2	3	68.26	4	2	17
CC(C)(CO)Cn1cc(-c2ccc(C3(N)CCC3)cc2)cn1	LN00199670_BT0492	WuXi OTS Library_Solid Stock_135989cpds_260119.sdf	126201	22	299.42	2.91	2	4	64.07	5	3	22
NC(=O)[C@@H](N)CCC(=O)N1CC2(CN(Cc3ccccc3)CC2C(=O)N2CCC3(CCCC3)CC2)C1	WXCD00102261_AN00141_AC2348	WuXi OTS Library_Solid Stock_135989cpds_260119.sdf	126310	36	495.67	1.72	2	5	112.97	7	5	36
CC(C)(C)N(CCN)C(=O)c1n[nH]c2c1CCN(C(=O)Nc1cc(Cl)ccc1Cl)C2	WXDL_LN00173533_AKF234_YV0128	WuXi OTS Library_Solid Stock_135989cpds_260119.sdf	126368	30	453.37	3.51	3	4	107.35	4	3	30
COCCN1CCc2cc(-c3ccc(CN)cn3)ccc21	LN00244457_BT0480	WuXi OTS Library_Solid Stock_135989cpds_260119.sdf	126381	21	283.38	2.22	1	4	51.38	5	3	21
CCn1nc(C(=O)N[C@@H]2CC[C@@H](N)C2)c2ccccc21	WXCD00195097_SC00050	WuXi OTS Library_Solid Stock_135989cpds_260119.sdf	126735	20	272.35	1.67	2	4	72.94	3	3	20
N[C@H]1C=C[C@@H](C(=O)Nc2ccc3nonc3c2)C1	WXCD01002913_AG00114	WuXi OTS Library_Solid Stock_135989cpds_260119.sdf	126736	18	244.25	1.06	2	5	94.04	2	3	18
Cc1c[nH]c2ncc(-c3ccc(N4CCN(C(=O)CN)CC4)cc3)cc12	WXDL_WXCD02501976LQ2829AC0736	WuXi OTS Library_Solid Stock_135989cpds_260119.sdf	126784	26	349.44	2.15	2	4	78.25	3	4	26
CCNC(=O)Nc1ccc(-c2ccc(C3(N)CCC3)cc2)cc1	LN00199670_BT0321	WuXi OTS Library_Solid Stock_135989cpds_260119.sdf	126958	23	309.41	3.83	3	2	67.15	4	3	23
NCc1cc(C(=O)Nc2cc(F)cc3cc[nH]c23)ccn1	WXCD00265364_AG00245	WuXi OTS Library_Solid Stock_135989cpds_260119.sdf	127177	21	284.29	2.41	3	3	83.80	3	3	21
COC(=O)c1ccc(C(=O)N2CCCC23CN(C(=O)C(C)C2SC(N)=NC2=O)C3)c(C)c1	WXCD00100142_SD0359_SF053	WuXi OTS Library_Solid Stock_135989cpds_260119.sdf	127273	32	458.54	1.19	1	7	122.37	4	4	32
Cc1ccc(-c2ccc(C(=O)N[C@H]3CC[C@@H](N)C3)cc2)o1	WXCD00601037_SD1157	WuXi OTS Library_Solid Stock_135989cpds_260119.sdf	127632	21	284.36	2.86	2	3	68.26	3	3	21
Cc1cc2[nH]c(C(=O)N3CC[C@H](N)C3)cc2s1	WXCD00901093_SE0793	WuXi OTS Library_Solid Stock_135989cpds_260119.sdf	127633	17	249.34	1.71	2	3	62.12	1	3	17
Cc1ccc2cc(C(=O)Nc3cc(C4CCCCN4C(=O)[C@@H](N)CCC(N)=O)n[nH]3)ccc2n1	WXCD00160257_SE0134_AC0748	WuXi OTS Library_Solid Stock_135989cpds_260119.sdf	127923	34	463.54	2.17	4	6	160.09	7	4	34
CC(C)(C)NS(=O)(=O)c1ccc(-c2ccc(CN)cn2)cc1F	LN00244457_BT0167	WuXi OTS Library_Solid Stock_135989cpds_260119.sdf	127998	23	337.42	2.42	2	4	85.08	4	2	23
Cc1cc(-c2ccc(CN)cn2)cc2cnn(C)c12	LN00244457_BT5139	WuXi OTS Library_Solid Stock_135989cpds_260119.sdf	128012	19	252.32	2.40	1	4	56.73	2	3	19
NC1CN(C(=O)c2cc3ccoc3s2)CC12CC2	WXCD00100627_SC00089	WuXi OTS Library_Solid Stock_135989cpds_260119.sdf	128015	18	262.33	2.06	1	4	59.47	1	4	18
CS(=O)(=O)Nc1ccc(Cl)cc1C(=O)N1CCC(F)(F)C(N)C1	LN01477175_SD1674	WuXi OTS Library_Solid Stock_135989cpds_260119.sdf	128021	23	367.80	1.52	2	4	92.50	3	2	23
NC[C@H]1CN(C(=O)c2ccc3c(C4CCCCC4)c[nH]c3c2)CCO1	WXCD01003804_SE1078	WuXi OTS Library_Solid Stock_135989cpds_260119.sdf	128022	25	341.46	3.02	2	3	71.35	3	4	25
C[C@@H](N)c1ccc(-c2ccc(NC(=O)N3CCCC3)cc2)cc1	LN00338518_BT4500	WuXi OTS Library_Solid Stock_135989cpds_260119.sdf	128100	23	309.41	4.00	2	2	58.36	3	3	23
NC1(CC(=O)Nc2ccnc3cc(C(F)(F)F)ccc23)CCC1	WXCD00301103_AF0373	WuXi OTS Library_Solid Stock_135989cpds_260119.sdf	128227	23	323.32	3.46	2	3	68.01	3	3	23
CC(C(=O)N1CCC2(COCCN2C(=O)C2=NN(c3ccccc3)C(=O)C2)C1)C1SC(N)=NC1=O	WXCD00100546_SC0182_SF053	WuXi OTS Library_Solid Stock_135989cpds_260119.sdf	128380	35	498.57	0.20	1	8	137.97	4	5	35
N[C@H](Cc1cccnc1)C(=O)N1CCc2c(cccc2-c2ccc3cc(O)ccc3c2)C1	WXDL_WXCD00142046BT1123AC1869	WuXi OTS Library_Solid Stock_135989cpds_260119.sdf	128398	32	423.52	4.06	2	4	79.45	4	5	32
Cc1nc(N2CCC[C@H]2CN)c2ccccc2n1	WXCD00906492_LP0578	WuXi OTS Library_Solid Stock_135989cpds_260119.sdf	128663	18	242.33	1.87	1	4	55.04	2	3	18
CC(C(=O)N1CC2(CCCN2C(=O)c2ccc(NC(=O)C3CC3)cc2)C1)C1SC(N)=NC1=O	WXCD00100142_SD0387_SF053	WuXi OTS Library_Solid Stock_135989cpds_260119.sdf	128678	33	469.57	1.44	2	6	125.17	5	5	33
COC(=O)c1cccc(C)c1-c1ccc(CN)cc1	WXVL_BT0970LQ2278	WuXi OTS Library_Solid Stock_135989cpds_260119.sdf	128731	19	255.32	2.91	1	3	52.32	3	2	19
Cc1cccc(-c2ncccc2C(=O)N2CCCCC2C2CCN(C(=O)CC[C@H](N)C(N)=O)CC2)c1	WXCD00170022_SC00046_AC2348	WuXi OTS Library_Solid Stock_135989cpds_260119.sdf	128836	36	491.64	2.88	2	5	122.62	7	4	36
Cc1c[nH]c2cc(C(=O)N3CC[C@H](N)C3)ccc12	WXCD00901093_SE0583	WuXi OTS Library_Solid Stock_135989cpds_260119.sdf	128841	18	243.31	1.65	2	2	62.12	1	3	18
NCc1ccc(-c2cccc(C(=O)Nc3cccc(F)c3)c2)nc1	LN00244457_BT4652	WuXi OTS Library_Solid Stock_135989cpds_260119.sdf	128843	24	321.36	3.60	2	3	68.01	4	3	24
CC(C)Cc1cc(C(=O)N2CCC(F)(F)C(N)C2)n(C)n1	LN01477175_SC00047	WuXi OTS Library_Solid Stock_135989cpds_260119.sdf	128853	21	300.35	1.43	1	4	64.15	3	2	21
N[C@@H]1CCC[C@@H]1C(=O)NCc1cc2ccccc2[nH]1	WXCD01000773_AK0983	WuXi OTS Library_Solid Stock_135989cpds_260119.sdf	128854	19	257.34	1.91	3	2	70.91	3	3	19
NCCc1ccc(C(=O)N2CCC(Oc3ccc(F)cc3F)CC2)cc1	WXCD00282838_AN2358	WuXi OTS Library_Solid Stock_135989cpds_260119.sdf	128858	26	360.40	3.15	1	3	55.56	5	3	26
NC(=O)C(N)CCC(=O)N1CCCCC1c1cc(NC(=O)CC(=O)Nc2ccc(F)cc2)[nH]n1	WXCD00160257_SA00057_AC2348	WuXi OTS Library_Solid Stock_135989cpds_260119.sdf	128967	34	473.51	1.16	5	6	176.30	9	3	34
NCC(=O)N1CCc2cc(-c3cnc4[nH]cc(C(F)(F)F)c4c3)ccc2C1	WXDL_WXCD00652067LQ3585AC0736	WuXi OTS Library_Solid Stock_135989cpds_260119.sdf	129116	27	374.37	3.09	2	3	75.01	2	4	27
CCc1ccc(Cl)cc1NC(=O)[C@H]1CCC[C@H]1N	WXCD01000773_AG3110	WuXi OTS Library_Solid Stock_135989cpds_260119.sdf	129321	18	266.77	2.97	2	2	55.12	3	2	18
Cc1ccc2cc(C(=O)N3Cc4[nH]nc(C(=O)N(CCN)C(C)(C)C)c4C3)sc2c1	WXCD00140009_AKF234_SE1015	WuXi OTS Library_Solid Stock_135989cpds_260119.sdf	129337	30	425.56	3.29	2	5	95.32	4	4	30
CN1C(=O)CC[C@@H]1CNC(=O)C1CN(Cc2ccccc2)CC12CN(C(=O)CC[C@H](N)C(N)=O)C2	WXCD00102261_AK00027_AC2348	WuXi OTS Library_Solid Stock_135989cpds_260119.sdf	129358	35	484.60	-0.72	3	6	142.07	9	4	35
CC(C(=O)N1CC2(CCCN2C(=O)c2ccc(-c3cccnc3)cc2)C1)C1SC(N)=NC1=O	WXCD00100142_SD0377_SF053	WuXi OTS Library_Solid Stock_135989cpds_260119.sdf	129539	33	463.56	2.16	1	6	108.96	4	5	33
CC(C(=O)N1CC2(CCN2C(=O)c2ccc3sccc3c2O)C1)C1SC(N)=NC1=O	WXCD00102800_SE0992_SF053	WuXi OTS Library_Solid Stock_135989cpds_260119.sdf	129772	30	444.54	1.63	2	7	116.30	3	5	30
N[C@@H]1CCCC[C@@H]1C(=O)Nc1ccc(S(=O)(=O)c2ccccc2)cc1	WXCD00198547_AG4050	WuXi OTS Library_Solid Stock_135989cpds_260119.sdf	129823	25	358.46	2.98	2	4	89.26	4	3	25
NC1(c2ccc(-c3cncnc3)cc2)CCC1	LN00199670_BT0253	WuXi OTS Library_Solid Stock_135989cpds_260119.sdf	129911	17	225.29	2.48	1	3	51.80	2	3	17
Cc1cc(F)ccc1NC(=O)[C@@H]1CC[C@@H](N)CO1	WXCD00903581_AG0061	WuXi OTS Library_Solid Stock_135989cpds_260119.sdf	129913	18	252.29	1.58	2	3	64.35	2	2	18
NCC(=O)N1CCCC12CCCN(C(=O)c1cnoc1)CC2	WXCD00100038_SC0234_AC0736	WuXi OTS Library_Solid Stock_135989cpds_260119.sdf	130019	22	306.37	0.62	1	5	92.67	2	3	22
NC1CN(C(=O)c2cc(-c3cc[nH]n3)n3ccccc23)CCC1(F)F	LN01477175_SE0201	WuXi OTS Library_Solid Stock_135989cpds_260119.sdf	130111	25	345.35	2.14	2	4	79.42	2	4	25
NC1CN(C(=O)c2cccnc2Oc2ccccc2)CCC1(F)F	LN01477175_SC0938	WuXi OTS Library_Solid Stock_135989cpds_260119.sdf	130121	24	333.34	2.68	1	4	68.45	3	3	24
NCC1COCCN1S(=O)(=O)c1cc(F)cc(F)c1	WXCD00909758_HU0100	WuXi OTS Library_Solid Stock_135989cpds_260119.sdf	130123	19	292.31	0.31	1	4	72.63	3	2	19
Cc1c(C(=O)N2CCCC23CN(C(=O)C(C)C2SC(N)=NC2=O)C3)cn2nc[nH]c(=O)c12	WXCD00100142_SC00111_SF053	WuXi OTS Library_Solid Stock_135989cpds_260119.sdf	130331	32	457.52	-0.26	2	8	146.23	3	5	32
NC1(c2ccc(-c3ccc4c(c3)COC4=O)cc2)CCC1	LN00199670_BT0325	WuXi OTS Library_Solid Stock_135989cpds_260119.sdf	130537	21	279.34	3.36	1	3	52.32	2	4	21
NC[C@H]1CN(C(=O)c2ccc(C(F)(F)F)cc2F)CCO1	WXCD01003804_SD0243	WuXi OTS Library_Solid Stock_135989cpds_260119.sdf	130541	21	306.26	1.64	1	3	55.56	2	2	21
Cc1cccc(C(=O)N2CCN(CCN)CC2)c1C	WXCD00604105_SD0552	WuXi OTS Library_Solid Stock_135989cpds_260119.sdf	130542	19	261.37	1.02	1	3	49.57	3	2	19
NCC(=O)N1CCC2CCC(C1)N2C(=O)CCc1cnccn1	WXCD00120255_SA2354_AC0736	WuXi OTS Library_Solid Stock_135989cpds_260119.sdf	130722	23	317.39	-0.04	1	5	92.42	4	3	23
NCC(=O)N1CCC2(CCN(C(=O)Cc3cccc(F)c3F)C2)C1	WXDL_WXCD00100011AC0736SB0446	WuXi OTS Library_Solid Stock_135989cpds_260119.sdf	130811	24	337.37	0.92	1	3	66.64	3	3	24
NCC(=O)NC1CCC12CCN(C(=O)C1(c3ccc(F)cc3)CC1)CC2	WXCD00100333_AC0736_SB1481	WuXi OTS Library_Solid Stock_135989cpds_260119.sdf	130835	26	359.44	1.70	2	3	75.43	4	4	26
NCC(=O)NC1CC12CCN(C(=O)c1cc3cccnc3nc1O)CC2	WXCD00100583_AC0736_SE0731	WuXi OTS Library_Solid Stock_135989cpds_260119.sdf	130846	26	355.40	0.41	3	6	121.44	3	4	26
N[C@@H](Cc1cccnc1)C(=O)NC1CCC2(CC1)CCN(C(=O)c1cc(-c3ccccc3C(F)(F)F)[nH]n1)C2	WXCD00102638_SF044_SC1869	WuXi OTS Library_Solid Stock_135989cpds_260119.sdf	130850	39	540.59	3.95	3	5	117.00	6	5	39
COc1cccc(-c2ccc3c(CCN)c[nH]c3c2)c1	AK1768_BT0021	WuXi OTS Library_Solid Stock_135989cpds_260119.sdf	131688	20	266.34	3.34	2	2	51.04	4	3	20
COc1ccc(-c2ccc3c(CCN)c[nH]c3c2)cc1	AK1768_BT0007	WuXi OTS Library_Solid Stock_135989cpds_260119.sdf	131689	20	266.34	3.34	2	2	51.04	4	3	20
COc1cccc(-c2ccc3[nH]cc(CCN)c3c2)c1	AK1946_BT0021	WuXi OTS Library_Solid Stock_135989cpds_260119.sdf	131724	20	266.34	3.34	2	2	51.04	4	3	20
CC(C)(C)OC(=O)N1CCCC(N)C1	RS20004881	WuXi OTS Library_Solution Stock_137831cpds_260119.sdf	61	14	200.28	1.34	1	3	55.56	0	1	14
N[C@@H]1CCCN(C(=O)CC2CC3(CCNCC3)Oc3ccccc32)C1	WUXI01-0823_X03Y109	WuXi OTS Library_Solution Stock_137831cpds_260119.sdf	59738	25	343.47	2.01	2	4	67.59	2	4	25
N[C@@H](C(=O)N1CCOC2(CCNCC2)C1)c1ccccc1	WUXI01-0823_X12AY319	WuXi OTS Library_Solution Stock_137831cpds_260119.sdf	59966	21	289.38	0.67	2	4	67.59	2	3	21
CC(=O)N1CCOC2(CCN(C(=O)C3(N)CCCCC3)CC2)C1	WUXI01-0823_X12BY236Z001	WuXi OTS Library_Solution Stock_137831cpds_260119.sdf	59977	23	323.44	0.89	1	4	75.87	1	3	23
NCC(=O)N1CCC2(CC1)CNCc1ccccc12	WUXI01-0823_X14AY261	WuXi OTS Library_Solution Stock_137831cpds_260119.sdf	60014	19	259.35	0.61	2	3	58.36	1	3	19
CC(=O)N1CC2(CCN(C(=O)C3(N)CCCCC3)CC2)c2cc(Cl)ccc21	WUXI01-0823_X15AY236Z001	WuXi OTS Library_Solution Stock_137831cpds_260119.sdf	60037	27	389.93	3.23	1	3	66.64	1	4	27
N[C@H](Cc1ccccc1)C(=O)N1CC2(CCNCC2)c2cc(Cl)ccc21	WUXI01-0823_X15BY272	WuXi OTS Library_Solution Stock_137831cpds_260119.sdf	60060	26	369.90	2.88	2	3	58.36	3	4	26
N[C@H](Cc1c[nH]c2ccccc12)C(=O)N1CC2(CCNCC2)c2cc(Cl)ccc21	WUXI01-0823_X15BY317	WuXi OTS Library_Solution Stock_137831cpds_260119.sdf	60070	29	408.93	3.36	3	3	74.15	3	5	29
C[C@@H](N)C(=O)N1CC2(CCNCC2)c2cc(Cl)ccc21	WUXI01-0823_X15BY320	WuXi OTS Library_Solution Stock_137831cpds_260119.sdf	60071	20	293.80	1.66	2	3	58.36	1	3	20
CC[C@@H](N)C(=O)N1CC2(CCNCC2)c2cc(Cl)ccc21	WUXI01-0823_X15BY332	WuXi OTS Library_Solution Stock_137831cpds_260119.sdf	60077	21	307.83	2.05	2	3	58.36	2	3	21
NC1(C(=O)N2C[C@@H]3NCc4ccccc4[C@@H]3C2)CCCCC1	WUXI01-0823_X16AY236	WuXi OTS Library_Solution Stock_137831cpds_260119.sdf	60082	22	299.42	1.75	2	3	58.36	1	4	22
CC(=O)N1Cc2ccccc2[C@@H]2CN(C(=O)[C@H](N)Cc3ccccc3)C[C@@H]21	WUXI01-0823_X16AY272Z001	WuXi OTS Library_Solution Stock_137831cpds_260119.sdf	60088	27	363.46	1.91	1	3	66.64	3	4	27
N[C@@H]1c2ccccc2[C@@H]2CN(C(=O)C3C[C@@H]4CC[C@H]3C4)C[C@H]12	WUXI01-0823_X17AY210	WuXi OTS Library_Solution Stock_137831cpds_260119.sdf	60107	22	296.41	2.68	1	2	46.33	1	5	22
CC(=O)N1CCC(C(=O)N2C[C@@H]3[C@H](N)c4ccccc4[C@@H]3C2)CC1	WUXI01-0823_X17AY222	WuXi OTS Library_Solution Stock_137831cpds_260119.sdf	60108	24	327.43	1.50	1	3	66.64	1	4	24
N[C@@H]1c2ccccc2[C@@H]2CN(C(=O)c3cccs3)C[C@H]12	WUXI01-0823_X17AY279	WuXi OTS Library_Solution Stock_137831cpds_260119.sdf	60114	20	284.38	2.62	1	3	46.33	1	4	20
Cc1cc(=O)oc2cc(OCC(=O)N3C[C@@H]4[C@H](N)c5ccccc5[C@@H]4C3)ccc12	WUXI01-0823_X17AY294	WuXi OTS Library_Solution Stock_137831cpds_260119.sdf	60117	29	390.44	2.74	1	5	85.77	3	5	29
N[C@@H]1c2ccccc2[C@@H]2CN(C(=O)c3cnccn3)C[C@H]12	WUXI01-0823_X17AY311	WuXi OTS Library_Solution Stock_137831cpds_260119.sdf	60118	21	280.33	1.35	1	4	72.11	1	4	21
Cc1ncsc1C(=O)N1C[C@@H]2[C@H](N)c3ccccc3[C@@H]2C1	WUXI01-0823_X17AY334	WuXi OTS Library_Solution Stock_137831cpds_260119.sdf	60120	21	299.40	2.32	1	4	59.22	1	4	21
NCCCC(=O)N[C@@H]1c2ccccc2[C@@H]2CNC[C@H]12	WUXI01-0823_X17BY316	WuXi OTS Library_Solution Stock_137831cpds_260119.sdf	60140	19	259.35	0.90	3	3	67.15	4	3	19
CC(=O)N1C[C@@H]2[C@H](NC(=O)[C@@H](N)Cc3c[nH]cn3)c3ccccc3[C@@H]2C1	WUXI01-0823_X17BY325Z001	WuXi OTS Library_Solution Stock_137831cpds_260119.sdf	60142	26	353.43	0.71	3	4	104.11	4	4	26
N[C@H]1c2ccccc2[C@@H]2CN(C(=O)c3ccc(-c4cccs4)cc3)C[C@H]12	WUXI01-0823_X18AY201	WuXi OTS Library_Solution Stock_137831cpds_260119.sdf	60155	26	360.48	4.28	1	3	46.33	2	5	26
CC(C)c1sc(Cl)nc1C(=O)N1C[C@@H]2[C@@H](N)c3ccccc3[C@@H]2C1	WUXI01-0823_X18AY202	WuXi OTS Library_Solution Stock_137831cpds_260119.sdf	60156	24	361.90	3.79	1	4	59.22	2	4	24
CC(=O)N1CCC(C(=O)N2C[C@@H]3[C@@H](N)c4ccccc4[C@@H]3C2)CC1	WUXI01-0823_X18AY222	WuXi OTS Library_Solution Stock_137831cpds_260119.sdf	60158	24	327.43	1.50	1	3	66.64	1	4	24
N[C@H]1c2ccccc2[C@@H]2CN(C(=O)c3cn4ccccc4n3)C[C@H]12	WUXI01-0823_X18AY284	WuXi OTS Library_Solution Stock_137831cpds_260119.sdf	60162	24	318.38	2.20	1	4	63.63	1	5	24
N[C@H]1c2ccccc2[C@@H]2CN(C(=O)c3ccccn3)C[C@H]12	WUXI01-0823_X18AY337	WuXi OTS Library_Solution Stock_137831cpds_260119.sdf	60164	21	279.34	1.95	1	3	59.22	1	4	21
CC(=O)N1CC2CN(C(=O)CCCN)CC2c2ccccc21	WUXI01-0823_X19AY316Z001	WuXi OTS Library_Solution Stock_137831cpds_260119.sdf	60240	22	301.39	1.33	1	3	66.64	3	3	22
NCC1CCC2(CCN(C(=O)c3ccc(-c4cccs4)cc3)CC2)CO1	WUXI01-0823_X20BY201	WuXi OTS Library_Solution Stock_137831cpds_260119.sdf	60272	26	370.52	3.78	1	4	55.56	3	4	26
NCC1CCC2(CCN(C(=O)CCc3ccc(F)cc3)CC2)CO1	WUXI01-0823_X20BY216	WuXi OTS Library_Solution Stock_137831cpds_260119.sdf	60273	24	334.44	2.50	1	3	55.56	4	3	24
NCC1CCC2(CCN(C(=O)c3ccc[nH]3)CC2)CO1	WUXI01-0823_X20BY275	WuXi OTS Library_Solution Stock_137831cpds_260119.sdf	60277	20	277.37	1.37	2	3	71.35	2	3	20
NCC1CCC2(CCN(C(=O)c3cccs3)CC2)CO1	WUXI01-0823_X20BY279	WuXi OTS Library_Solution Stock_137831cpds_260119.sdf	60278	20	294.42	2.11	1	4	55.56	2	3	20
NCC1CCC2(CCN(C(=O)c3cn4ccccc4n3)CC2)CO1	WUXI01-0823_X20BY284	WuXi OTS Library_Solution Stock_137831cpds_260119.sdf	60279	24	328.42	1.69	1	5	72.86	2	4	24
NCC1CCC2(CCN(C(=O)Cc3coc4ccccc34)CC2)CO1	WUXI01-0823_X20BY286	WuXi OTS Library_Solution Stock_137831cpds_260119.sdf	60280	25	342.44	2.72	1	4	68.70	3	4	25
CSc1ccc(C(=O)N2CCC3(CCC(CN)OC3)CC2)s1	WUXI01-0823_X20BY339	WuXi OTS Library_Solution Stock_137831cpds_260119.sdf	60283	22	340.51	2.83	1	5	55.56	3	3	22
NCC1CCC2(CCN(C(=O)c3ccc4c(c3)OCCO4)CC2)CO1	WUXI01-0823_X20BY343	WuXi OTS Library_Solution Stock_137831cpds_260119.sdf	60284	25	346.43	1.82	1	5	74.02	2	4	25
CN1CC2(CCN(C(=O)CN)CC2)CC1=O	WUXI01-0823_X21BY261Z002	WuXi OTS Library_Solution Stock_137831cpds_260119.sdf	60292	16	225.29	-0.58	1	3	66.64	1	2	16
C[C@@H](N)C(=O)N1CCC2(CC1)CC(=O)N(C)C2	WUXI01-0823_X21BY320Z002	WuXi OTS Library_Solution Stock_137831cpds_260119.sdf	60294	17	239.32	-0.20	1	3	66.64	1	2	17
CC(=O)N1CCC2(C=C(C(=O)N3CC[C@H](N)C3)c3ccccc3O2)CC1	WUXI01-0823_X25Y003Z001	WuXi OTS Library_Solution Stock_137831cpds_260119.sdf	60318	26	355.44	1.40	1	4	75.87	1	4	26
N[C@@H](C(=O)N1CCC2(CC1)C(=O)Nc1ccc(-c3ccncc3)cc12)c1ccccc1	WUXI01-0824_X001Y002Z033	WuXi OTS Library_Solution Stock_137831cpds_260119.sdf	60399	31	412.49	3.26	2	4	88.32	3	5	31
NCC(=O)N1CC2(CCCC2)c2cc(-c3cncnc3)ccc21	WUXI01-0824_X003Y005Z004	WuXi OTS Library_Solution Stock_137831cpds_260119.sdf	60416	23	308.39	2.26	1	4	72.11	2	4	23
N[C@H]1CC[C@@]2(CCC(=O)N2CC2CC2)CC1	WX100106_Y09Z100	WuXi OTS Library_Solution Stock_137831cpds_260119.sdf	74574	16	222.33	1.66	1	2	46.33	2	3	16
N[C@H]1CC[C@@]2(CCC(=O)N2Cc2cccc(F)c2)CC1	WX100106_Y16Z100	WuXi OTS Library_Solution Stock_137831cpds_260119.sdf	74633	20	276.35	2.59	1	2	46.33	2	3	20
N[C@H]1CC[C@]2(CCC(=O)N2)CC1	WX100113	WuXi OTS Library_Solution Stock_137831cpds_260119.sdf	75399	12	168.24	0.54	2	2	55.12	0	2	12
CC(C)(C)OC(=O)N1CCOCC2(CC(CN)CO2)C1	WX100454	WuXi OTS Library_Solution Stock_137831cpds_260119.sdf	81524	20	286.37	0.99	1	5	74.02	1	2	20
CC(C)(C)OC(=O)N1CC2(CCC2N)C1	WX100600	WuXi OTS Library_Solution Stock_137831cpds_260119.sdf	83208	15	212.29	1.34	1	3	55.56	0	2	15
CC(C)(C)OC(=O)N1CC2(C1)OCCC2CCN	WX101667	WuXi OTS Library_Solution Stock_137831cpds_260119.sdf	86250	18	256.35	1.36	1	4	64.79	2	2	18
CC(C)(C)OC(=O)N1CCC2(CC1)OCCC2CCN	WX101685	WuXi OTS Library_Solution Stock_137831cpds_260119.sdf	86409	20	284.40	2.14	1	4	64.79	2	2	20
COCCN1CCC2(CC1)CC(N)c1ccccc12	WX10502710_Y06Z01	WuXi OTS Library_Solution Stock_137831cpds_260119.sdf	87539	19	260.38	2.07	1	3	38.49	3	3	19
NC1CC2(CCN(CC3CC3)CC2)Oc2ccccc21	WX10509110_Y11Z01	WuXi OTS Library_Solution Stock_137831cpds_260119.sdf	89198	20	272.39	2.71	1	3	38.49	2	4	20
NC1CC2(CCN(CCO)CC2)Oc2ccccc21	WX10509110_Y16Z01	WuXi OTS Library_Solution Stock_137831cpds_260119.sdf	89227	19	262.35	1.30	2	4	58.72	2	3	19
CS(=O)(=O)N1CCC2(CC1)CC(N)c1ccccc1O2	WX10509110_Y25Z01	WuXi OTS Library_Solution Stock_137831cpds_260119.sdf	89249	20	296.39	1.26	1	4	72.63	1	3	20
NCCNC(=O)C1CC12C(=O)Nc1ccccc12	WX105105_Y01C572	WuXi OTS Library_Solution Stock_137831cpds_260119.sdf	90012	18	245.28	-0.03	3	3	84.22	3	3	18
CC(C)(C)OC(=O)N1C[C@@H]2[C@@H](N)[C@@H]2C1	WX110026	WuXi OTS Library_Solution Stock_137831cpds_260119.sdf	98916	14	198.27	0.81	1	3	55.56	0	2	14
Cc1ccc(CN2C[C@@H]3C(CN)[C@@H]3C2)cc1C	WX110030_A137	WuXi OTS Library_Solution Stock_137831cpds_260119.sdf	98961	17	230.35	1.94	1	2	29.26	3	3	17
CCc1ccc(CN2C[C@@H]3C(CN)[C@@H]3C2)cc1	WX110030_A138	WuXi OTS Library_Solution Stock_137831cpds_260119.sdf	98962	17	230.35	1.89	1	2	29.26	4	3	17
NCC1[C@H]2CN(CCF)C[C@@H]12	WX110030_A514	WuXi OTS Library_Solution Stock_137831cpds_260119.sdf	98969	11	158.22	0.09	1	2	29.26	3	2	11
CC(C)(C)OC(=O)N1C[C@H]2CC[C@H](N)[C@H]2C1	WX110041	WuXi OTS Library_Solution Stock_137831cpds_260119.sdf	99083	16	226.32	1.59	1	3	55.56	0	2	16
Cc1ccc(CN2CC3CC3(N)C2)s1	WX110100_A010	WuXi OTS Library_Solution Stock_137831cpds_260119.sdf	99679	14	208.33	1.59	1	3	29.26	2	3	14
Cc1cc(C(=O)N2C[C@@H]3C[C@]3(N)C2)c(C)o1	WX110100_A091	WuXi OTS Library_Solution Stock_137831cpds_260119.sdf	99689	16	220.27	1.07	1	3	59.47	1	3	16
NC12CC1CN(C(=O)NCc1ccccc1)C2	WX110100_A127	WuXi OTS Library_Solution Stock_137831cpds_260119.sdf	99690	17	231.30	0.93	2	2	58.36	2	3	17
NC12CC1CN(Cc1ccc(Cl)cc1)C2	WX110100_A173	WuXi OTS Library_Solution Stock_137831cpds_260119.sdf	99698	15	222.72	1.87	1	2	29.26	2	3	15
N[C@@]12C[C@@H]1CN(C(=O)c1ccco1)C2	WX110100_Y15	WuXi OTS Library_Solution Stock_137831cpds_260119.sdf	99701	14	192.22	0.45	1	3	59.47	1	3	14
CC(C)(C)OC(=O)N1C[C@H]2COC[C@@]2(CN)C1	WX110317	WuXi OTS Library_Solution Stock_137831cpds_260119.sdf	101695	17	242.32	0.83	1	4	64.79	1	2	17
Cn1c2c(ccc1=O)CC(N)CC2	WX140263_Y02	WuXi OTS Library_Solution Stock_137831cpds_260119.sdf	121739	13	178.23	0.20	1	3	48.02	0	2	13
CN(C)CCn1c2c(ccc1=O)CC(N)CC2	WX140263_Y05	WuXi OTS Library_Solution Stock_137831cpds_260119.sdf	121758	17	235.33	0.23	1	4	51.26	3	2	17
NC1CCc2c(ccc(=O)n2CC2CC2)C1	WX140263_Y09	WuXi OTS Library_Solution Stock_137831cpds_260119.sdf	121778	16	218.30	1.07	1	3	48.02	2	3	16
CN(C)Cc1noc2c1CC(N)CC2	WX141617_AN0032ZZ0000	WuXi OTS Library_Solution Stock_137831cpds_260119.sdf	125492	14	195.27	0.55	1	4	55.29	2	2	14
NC1CCc2onc(CNC(=O)C3CC(F)(F)C3)c2C1	WX141618_SB0211ZZ0000	WuXi OTS Library_Solution Stock_137831cpds_260119.sdf	125690	20	285.29	1.15	2	4	81.15	3	3	20
CC(C)(C)OC(=O)N1CCC(CN)C1	WX600054	WuXi OTS Library_Solution Stock_137831cpds_260119.sdf	134619	14	200.28	1.20	1	3	55.56	1	1	14
COCC(CN)NC(=O)OC(C)(C)C	WX600207	WuXi OTS Library_Solution Stock_137831cpds_260119.sdf	134626	14	204.27	0.48	2	4	73.58	4	0	14
C[C@@H](CN)NC(=O)OC(C)(C)C	WX600299	WuXi OTS Library_Solution Stock_137831cpds_260119.sdf	134627	12	174.24	0.86	2	3	64.35	2	0	12
CC(C)(C)OC(=O)N1CC(F)(CN)C1	WX601005	WuXi OTS Library_Solution Stock_137831cpds_260119.sdf	134630	14	204.24	0.90	1	3	55.56	1	1	14
C[C@@H]1C[C@@H](CN)CN1C(=O)OC(C)(C)C	WX601114	WuXi OTS Library_Solution Stock_137831cpds_260119.sdf	134636	15	214.31	1.59	1	3	55.56	1	1	15
C[C@H]1CN(C(=O)OC(C)(C)C)C[C@@H]1N	WX604003	WuXi OTS Library_Solution Stock_137831cpds_260119.sdf	134699	14	200.28	1.20	1	3	55.56	0	1	14
CC(C)(C)OC(=O)N1CCN(CCN)CC1	WX604013	WuXi OTS Library_Solution Stock_137831cpds_260119.sdf	134700	16	229.32	0.50	1	4	58.80	2	1	16
CC(C)(C)OC(=O)N1CCCC[C@H](N)C1	WX604095	WuXi OTS Library_Solution Stock_137831cpds_260119.sdf	134705	15	214.31	1.73	1	3	55.56	0	1	15
CC(C)(C)OC(=O)N1CC(N)C1	WX604259	WuXi OTS Library_Solution Stock_137831cpds_260119.sdf	134713	12	172.23	0.56	1	3	55.56	0	1	12
CC(C)(C)OC(=O)N[C@H]1CCCC[C@H]1N	WX604294	WuXi OTS Library_Solution Stock_137831cpds_260119.sdf	134716	15	214.31	1.78	2	3	64.35	1	1	15
CC(C)(C)OC(=O)N1CCCC(N)CC1	WX604707	WuXi OTS Library_Solution Stock_137831cpds_260119.sdf	134736	15	214.31	1.73	1	3	55.56	0	1	15
CC(CN)C(=O)N1CCCC12CN(C(=O)c1c[nH]c3ncccc13)C2	WXCD00100142_AC0641_SE0048	WuXi OTS Library_Solution Stock_137831cpds_260119.sdf	135531	25	341.42	0.97	2	4	95.32	3	4	25
NCC(=O)N1CCCC12CN(C(=O)CCc1c[nH]c3ncccc13)C2	WXCD00100142_AC0736_SB2286	WuXi OTS Library_Solution Stock_137831cpds_260119.sdf	135532	25	341.42	0.66	2	4	95.32	4	4	25
CCC[C@H](NC(=O)c1ccccc1)C(=O)N1CCC2(CCCC2C(=O)Nc2ccc(C(N)CCO)cc2)C1	WXCD00101480_AK00399_SB4548	WuXi OTS Library_Solution Stock_137831cpds_260119.sdf	135601	38	520.67	3.62	4	5	124.76	10	4	38
CC(CN)C(=O)N1C[C@H]2C[C@H]1CN2C(=O)c1cc2cn[nH]c2cn1	WXCD00120061_AC0641_SE0667	WuXi OTS Library_Solution Stock_137831cpds_260119.sdf	135944	24	328.38	-0.02	2	5	108.21	3	4	24
CCCCCc1ccc(-c2ccc(C3CCN(C(=O)CN)CC3)cc2)cc1	WXDL_WXCD00160266BT0538AC0736	WuXi OTS Library_Solution Stock_137831cpds_260119.sdf	136385	27	364.53	4.75	1	2	46.33	7	3	27
CC(C)(C)OC(=O)N1CCC(F)(CN)C1	WXFS0320	WuXi OTS Library_Solution Stock_137831cpds_260119.sdf	136546	15	218.27	1.29	1	3	55.56	1	1	15
CC(C)(N)CNC(=O)c1ccc(C(F)(F)F)cc1Cl	WXVL001____AK0767____SD0480	WuXi OTS Library_Solution Stock_137831cpds_260119.sdf	137467	19	294.70	2.83	2	2	55.12	3	1	19
COc1ccc(C(=O)N(CCN)C(C)C)c(C)c1	WXVL001____AK1165____SD0101	WuXi OTS Library_Solution Stock_137831cpds_260119.sdf	137474	18	250.34	1.81	1	3	55.56	5	1	18
NC[C@H]1COc2ccccc2N1c1ccc(-c2ccccc2)nc1	WXVL011B____AK3950____LQ2412	WuXi OTS Library_Solution Stock_137831cpds_260119.sdf	137662	24	317.39	3.61	1	4	51.38	3	4	24
